conversation_id,vader_pos,vader_neg,vader_neu,vader_compound,tb_polarity,tb_subjectivity
26c5dc109920789f9199ff9b37acb8c1,0.154,0.049,0.796,0.9976,0.07803916494133889,0.5827087646652863
e87a1aeb9aafa35c00da39ddeb1139a0,0.127,0.0,0.873,0.4939,0.0,0.1
c3415a9e401ff379f29fe3ce02e500dc,0.157,0.026,0.818,0.9978,0.20223809523809522,0.43892063492063493
ec6578cd9d69130a769ea307b6e7a874,0.068,0.009,0.924,0.9874,0.05123282514586862,0.5521080368906456
c9fdedb0e222c9251e5fab2b0784240c,0.177,0.026,0.797,0.9986,0.217635189669088,0.45973231100349754
01e1f36d3f0cf0c4acb8e15bc7f4ed10,0.067,0.007,0.926,0.9814,0.03855981416957027,0.6018292682926831
bf21a7138ef8028bee411c1f271ef94c,0.158,0.068,0.773,0.9956,0.05279534351736969,0.5062587144038756
a0d800583ab19bb20299af3925f9d6cf,0.064,0.011,0.925,0.9843,0.05363590310398822,0.49302984249792775
cc9c65c7200e499761e9b8bf6979f904,0.179,0.089,0.732,0.981,0.23345454545454547,0.5531818181818182
0bdd8d0421b41716c666fc6450302b9e,0.092,0.021,0.887,0.9808,0.18940217391304348,0.46847826086956523
59592d669b23b75896c7370f1a76fdda,0.057,0.063,0.88,-0.6237,0.14179951690821252,0.5172705314009661
f72a528e402f0461f09ae895c64d00de,0.204,0.013,0.783,0.9989,0.4361635220125787,0.6059748427672957
d149690d31daeaf8d00da8be0522be83,0.089,0.144,0.767,-0.9941,-0.07244897959183673,0.4282312925170068
76cddbd357ce9d6e087c0d51c14ce218,0.064,0.018,0.918,0.975,0.049523809523809526,0.5918750000000002
7f6c0fedf32e93a2d4475568848d9387,0.152,0.13,0.718,0.9703,0.09581161056376569,0.5438245758073343
db97fe0d462176b10c3fefea3c8daffc,0.138,0.003,0.859,0.9982,0.173639455782313,0.46870748299319726
c82a3047c7494a9725c716ef85530a71,0.0,0.0,1.0,0.0,0.0,0.0
e8fa890f242ecddda1eb6ec24f0d8f75,0.201,0.008,0.79,0.9993,0.32326388888888885,0.6038194444444444
b6c9e101545621fe21b57cf071ea4fbb,0.179,0.025,0.796,0.997,0.155996780996781,0.43039072039072035
f577b18c96d4b4b634767b00d305cbcf,0.23,0.031,0.739,0.9994,0.3421898835291693,0.5663637652030508
0e84913586e00ed2d3be04732884ecd3,0.08,0.009,0.911,0.9902,0.050793650793650794,0.5576923076923078
574408820417da162608d8860776bb65,0.134,0.053,0.813,0.996,0.10632407407407404,0.48447354497354495
19c833c0b35989e84560dd9e30b72a95,0.111,0.016,0.873,0.9828,0.04523809523809524,0.5217142857142858
8003c7d8502008c22a41f3d6596a8ce1,0.248,0.009,0.743,0.9995,0.3686763468013469,0.6132410413660416
bd25d40df389c05875cff8eda739125f,0.275,0.008,0.716,0.9995,0.3218062549695202,0.6651765468091998
7b97ab1cf7178c1f6de91453eee84d70,0.204,0.057,0.738,0.9995,0.2065956311769991,0.5709883198562443
cbb219e975240b02c0ebe08caa16603a,0.013,0.078,0.909,-0.8502,-0.10555555555555558,0.3722222222222222
300215ae4bc4dd1df1650b761cd34d80,0.0,0.0,1.0,0.0,-0.2,0.3
dc357f038688b5b420f9b5dd2a73e2d5,0.079,0.009,0.912,0.9907,0.04916943521594685,0.5831395348837211
849293a7b93f18fda1ef518951a7dd30,0.141,0.053,0.806,0.997,0.15420013227513227,0.49082751322751317
72f2b575ca5e5a8fb1ae187235e5a8c0,0.175,0.028,0.796,0.9978,0.30391022021456804,0.7154197252023337
c49eaadbe1ef28a64abc7555a0135342,0.237,0.014,0.749,0.9995,0.2637167729930888,0.5752328738512948
a79eb4213cf8f370d6281199124cbb3a,0.167,0.121,0.711,0.9891,0.06911487758945385,0.5383709981167607
bb9722f85f0864ed78056f48e1fbd013,0.093,0.037,0.87,0.9922,0.09061804248102324,0.4409604551431475
c59391e88aa99a2271965a94d13b90cc,0.234,0.014,0.752,0.9993,0.32864598364598363,0.6085113035113036
fccc18a3fb9117bcaf0836ad555735b2,0.114,0.104,0.782,0.9682,0.041700205176767674,0.4856898786976911
ad182f5728ed328e64b818a87b118c20,0.192,0.018,0.79,0.999,0.25351351351351353,0.6131531531531529
3155c029401c279a2183706e64536aa0,0.0,0.0,1.0,0.0,0.0,0.0
8ef170b0972d97286411c30e6b3ce7af,0.126,0.0,0.874,0.875,-0.041666666666666664,0.3464285714285714
350ed59a5a7f906fc03dd84e75ca226e,0.073,0.017,0.909,0.9867,0.042023809523809526,0.5787500000000002
47ee659ffff65a2cc7f42ea2a7626806,0.141,0.038,0.821,0.9493,0.11166666666666666,0.3305555555555555
3d131458e0723b91555df01c607f39ee,0.236,0.008,0.756,0.9996,0.3330606060606061,0.5242121212121212
cbe3d89de697c85b2f92b43cf98c652e,0.101,0.027,0.872,0.9805,0.035550082101806234,0.5083743842364532
2682d8a7d1f7b33674d833f0fb3d9077,0.118,0.038,0.844,0.9963,0.14953912208010567,0.5423722452410976
8a25422331c413d65940a906a32af6ee,0.05,0.04,0.91,0.6395,-0.04873015873015875,0.39312169312169315
b496a04da850de3d7a151638a2ba555a,0.13,0.024,0.846,0.9998,0.169121778779313,0.48696495538961304
916c554dcdfeee80c790d0a2a486aff3,0.188,0.024,0.789,0.9978,0.4252253069196429,0.5306746031746032
6b354b56aeac969276b6806e3b5f997d,0.194,0.034,0.772,0.9989,0.17597127739984883,0.5226429831191737
db1a82f23602cbd8365a10655f733bb4,0.246,0.078,0.676,0.9974,0.15558823529411764,0.536470588235294
d5553145cc9808e4d1937ea68fd63565,0.194,0.03,0.777,0.9988,0.2652415293040294,0.5311784569597071
dfaec3d6e89dca13d7396e356cbb006c,0.234,0.043,0.723,0.9979,0.10728354978354979,0.5732142857142858
861369ccf632f859b3aee61d0ad7216d,0.0,0.0,1.0,0.0,0.0,0.09
139ed414ac18c26700f3b3f26d400379,0.0,0.014,0.986,-0.4696,0.022222222222222223,0.25
6e5760fc4aa35125dc2197d310aa2e90,0.144,0.109,0.747,0.9823,0.14754672299027136,0.5553622631848437
2251eb3a9ddea5f01e27d756ca657413,0.201,0.142,0.657,0.9915,0.15294642857142857,0.4727232142857144
f609014129bb4b60fbe5df2b741202dc,0.193,0.092,0.715,0.999,0.23427840434419378,0.5476555973266501
a15fafa9c560c1fecd6290ae8336cd91,0.253,0.045,0.702,0.9993,0.2876225490196078,0.5661764705882353
38a49cf37dd3bf32479ec3080704d9c6,0.028,0.053,0.919,0.1018,-0.12708333333333335,0.4520833333333334
d9170c612016eb0dd6cef9b4edede889,0.062,0.041,0.897,0.7181,-0.05882352941176475,0.4264705882352941
fb6eed391fa5f3ae74500654f02772be,0.124,0.092,0.783,0.9966,0.06344901556310953,0.5199846983739601
a1bb3dabf43ff2b087a169e5ff4943fc,0.166,0.035,0.799,0.9977,0.1391549953314659,0.5063632119514472
adb6297aa9a701360044e9f35f27c20c,0.199,0.074,0.727,0.9973,0.16726857617268576,0.4693441261934415
0ea97f8fdbec754e6eb7299fc2ce92c6,0.061,0.036,0.903,0.6486,0.1159090909090909,0.3910839160839161
963ceab463b662f0d0d27c5e5b354f8c,0.056,0.096,0.849,-0.89,0.3,0.565
7f780423584ccd13562f838ca9496b1d,0.107,0.008,0.884,0.9791,0.23620129870129866,0.45892857142857135
57981864902f698a05cbc0ebf368e0e8,0.179,0.004,0.816,0.9991,0.15675509449899694,0.43160345751809176
47e9b82dabe8453401a5fd10b5eab810,0.0,0.0,1.0,0.0,0.0,0.0
fa0d6e32991c5f125b5b2267e43414bc,0.121,0.011,0.868,0.9963,0.20074023199023194,0.4143620268620269
edf4b55a063f469fce3c0b9271c66809,0.131,0.133,0.736,-0.2934,0.16483918128654967,0.5842105263157895
a4d5f226ff3f928254c60d80ada499b3,0.126,0.109,0.765,0.6501,0.10281412203053995,0.3936594085847816
9c7ab3b292140809f9cb07f3ffe2a42f,0.139,0.061,0.8,0.9997,0.14051236977537546,0.5374344185037827
ec96adb766f4c56b78dad5c38dc1001a,0.0,0.0,1.0,0.0,0.0,0.27936507936507937
bded6f66f8ab045628ff19a9f914b5c0,0.102,0.034,0.865,0.9844,0.13134648370497432,0.5690585096245474
7e773ad0d9fe033b5578517f3026f9c1,0.107,0.106,0.787,0.8094,0.04055656395223326,0.44347834361613886
f1c2ff9ecac5466990e032c2b90f6648,0.033,0.0,0.967,0.4215,0.024536796536796527,0.3705281385281385
8611ccf1e5b2d7b5cd745891eda5e269,0.054,0.0,0.946,0.9661,0.021153846153846155,0.4115384615384616
0ff33f4f6cfeb279b1cc40c3d067711b,0.04,0.049,0.911,-0.2382,0.1392857142857143,0.5339285714285714
64382a52f474f6da3b7ff6b23efcf8a6,0.156,0.115,0.729,0.989,0.0805,0.42557142857142866
4e9b862c216d84707f2c8d3ad372395f,0.047,0.006,0.947,0.977,0.004444444444444444,0.4123765432098765
b0f37a2e056adc18e8e9f913ba2faeb2,0.243,0.063,0.694,1.0,0.20441690935327284,0.5707707464252918
d04ef425a2694ee326b522cdfaaa3663,0.18,0.115,0.705,0.973,0.05613636363636361,0.6032323232323231
b5429c08646c04d3708eef97faafc1f5,0.17,0.103,0.727,0.9974,0.25752232142857145,0.495610119047619
7e19896b45e369a3c66f453a4134a2a6,0.13,0.028,0.842,0.9336,0.20694444444444446,0.5708333333333334
bbf5aeb979c41dba933fd50761b71a65,0.17,0.018,0.812,0.998,0.41538682277318656,0.657518365472911
b9551af52a0f065328bfda73a7c59556,0.113,0.036,0.851,0.9032,0.096875,0.5734375
32335d6c3690ab970ab2d991b3af8d45,0.23,0.108,0.662,0.9983,0.06500385208012327,0.6370184899845918
a09908b3906ffd26595c5ec4b023da8b,0.082,0.013,0.905,0.9995,0.07569097569097566,0.32533133533133546
7fb3af8a8aaa18eede1b6a005e3d50b1,0.311,0.042,0.647,0.9997,0.4273033126293995,0.6226449275362321
5ed0c9b9a375f47384fb7123f3a6ba5e,0.073,0.045,0.882,0.4854,0.05384615384615384,0.49615384615384617
d3759f40d34345214682c958c61a537f,0.05,0.012,0.938,0.9957,0.04436497086873026,0.3664168538228692
ade54ef5837a05f24c39c39a91d9b1bf,0.173,0.034,0.793,0.9979,0.21998236331569665,0.5547751322751323
a1982c0cf025d36c72f80df7ceb3d0a9,0.165,0.119,0.717,0.861,0.15738514957264957,0.6518429487179488
e4143a9a093e9d9ee9002b1d6e6dfc8c,0.063,0.0,0.937,0.8689,-0.019642857142857146,0.6648809523809524
8025958d0331e9b9a1236f07e64c2866,0.105,0.14,0.755,-0.992,-0.03018140589569161,0.5227664399092969
81f3bc9c077fd43228e92cbb64b20a25,0.194,0.036,0.771,0.999,0.2685757575757576,0.5712121212121211
20cb320c663e8576e0dbae332dd73454,0.171,0.008,0.821,0.999,0.33433372183372195,0.5569230769230769
d7b994e256fc13cc9e4cfed7a0377beb,0.197,0.042,0.761,0.9571,0.06875,0.35295138888888883
c0f6216ea6537dbf96adb404abd6ca2d,0.097,0.055,0.849,0.9642,0.10454545454545454,0.4396464646464646
c108fb65db0612d40d3d26dbbfbcdda4,0.183,0.0,0.817,0.9957,0.363888888888889,0.43595679012345684
6b67b7ee9ede264df67cfb023cfbb79d,0.186,0.0,0.814,0.9973,0.12787433155080213,0.6150863842040313
5b19fb8b671f0995f395f335ad3953f7,0.208,0.021,0.771,0.9998,0.16794397463002117,0.4773734017920065
dd67a42e97df471f18bc516067034123,0.152,0.134,0.714,0.4787,0.08392857142857141,0.45031328320802
1ffcdfc43b8f44e1fedee8f6076bb977,0.108,0.043,0.849,0.9996,0.07923568187605622,0.34589892430801494
f92059b0c4d078acddd6efcc9a3a261a,0.221,0.011,0.768,0.9996,0.3355882352941177,0.6858543417366947
c58721526a8ff4b83254517fb499513c,0.097,0.007,0.896,0.9995,0.17955198647506343,0.5131028603217955
dd9f311f40079bc827f1a38c0c43f737,0.243,0.015,0.742,0.9993,0.3191331923890064,0.6470460418134836
986285f0ff9d4fc05dc506afe2d9430a,0.0,0.097,0.903,-0.1779,-0.25,0.5625
c08ab53b57adc9a4b5d39e87f5ef81d4,0.125,0.0,0.875,0.5106,0.04545454545454545,0.4292929292929293
dada90933a8e44b5f42ff8d3c998942d,0.128,0.094,0.778,0.9316,0.040791316526610645,0.46866246498599445
d5ac83d93836a222b06a5755c1e1b7be,0.246,0.026,0.728,0.9976,0.2988612836438923,0.6323153899240854
11fbcbc90bfbe75760dc68fea375959e,0.153,0.082,0.765,0.9997,0.05827695724754548,0.4765106679812563
78edefc5c0d0d81a0fa66d6fff105125,0.235,0.062,0.703,0.9994,0.26561038961038963,0.6169870129870131
2a9a0587cc0f192d04a49345a5a9d433,0.071,0.045,0.884,0.4588,-0.36,0.6285714285714286
d2ae90cc07eb7dbcbc9c7230eaf0a7ec,0.135,0.048,0.817,0.9885,0.24113821138211383,0.561260162601626
aba91c98fddefbadd057f5a3c917fc2a,0.232,0.008,0.76,0.9991,0.2584312512883941,0.5917171717171715
8846da3ac3725a2da15aba8da8ed38ef,0.0,0.0,1.0,0.0,0.0,0.0
2636dd6809fed377fcb79450ae5d73cf,0.101,0.025,0.873,0.6468,0.010000000000000004,0.36000000000000004
a728984d84d9cba1187c537e6715bcc0,0.203,0.0,0.797,0.91,0.18,0.3771428571428571
9910515baf6063c6c04a351707c5bde6,0.101,0.01,0.89,0.998,0.11101923954951298,0.4088230519480519
9d807d93d59f83447ebaf801b8c808ff,0.042,0.0,0.958,0.836,0.030303030303030297,0.49389204545454535
78425d3c8461c52fb285af9f5be3c487,0.096,0.039,0.865,0.9973,0.051140323091542594,0.4522379720550453
6d88c47a2025a2e0726406e0135951b3,0.237,0.008,0.755,0.9986,0.27897619047619043,0.4413333333333334
2cd263cc9b4ed54f3632f15f64947772,0.212,0.09,0.698,0.9987,0.129161866359447,0.622551843317972
e5b340f6dc6e1f2c9e340734bdc601cd,0.024,0.024,0.952,0.2411,-0.09074074074074073,0.5350529100529101
e5414e1a97eb87a2aebfe97c03a370f9,0.0,0.073,0.927,-0.7384,-0.203125,0.4555555555555556
c98b2265db2bd318083b36416cd608eb,0.212,0.152,0.636,0.9788,0.1529761904761905,0.6571428571428571
b3eb2a6567ae266d6165eac32201c9d3,0.187,0.006,0.807,1.0,0.21503213957759398,0.5197163190345008
c9c927e673800f2463a910a3f830e286,0.139,0.0,0.861,0.9404,0.18541666666666667,0.5145833333333334
a88c56761e66c69c4966d029e71a653c,0.141,0.002,0.856,0.9982,0.19084033613445384,0.3943697478991597
e47ac8d1aa2147ac805d099a87e2ee27,0.103,0.004,0.894,0.994,0.11140545060999606,0.47039551357733167
3fd30502039d7f9fbf227824798ba312,0.077,0.0,0.923,0.891,0.13333333333333333,0.4666666666666666
29b270a0e8b3d8596d86aa26efed8e9d,0.017,0.022,0.961,-0.1027,0.07833333333333334,0.38214285714285706
fb0d889e051cfa90475c0cac7403b6ce,0.208,0.016,0.777,1.0,0.24074139225068006,0.5042124928734835
fc09366967bfe78876c034661f6a8e71,0.044,0.036,0.921,0.9814,0.19807067932067932,0.42740211177711174
6c62f12dd37630bfe62db5c027537552,0.0,0.075,0.925,-0.6759,-0.625,1.0
70fa7c37bf1ef283d74aa966382ddd9f,0.128,0.174,0.699,-0.9995,0.11240470085470089,0.5837517094017098
892aa5129e366c2942c74141673a76ee,0.149,0.009,0.842,0.9954,0.11156974153297679,0.5406162464985994
cb89120432353e747b61d9315768b5fc,0.136,0.139,0.725,-0.9379,0.19022144522144524,0.5698285048285048
2684659476ad0ea74b0cca0f479655a7,0.036,0.008,0.956,0.9246,0.13166666666666668,0.4097222222222222
048750b620de7508590fb3bcc5e79106,0.0,0.0,1.0,0.0,0.13636363636363635,0.45454545454545453
3a8e75aee27ebd7cd61dea631fe39918,0.0,0.0,1.0,0.0,0.0,0.0
673983be8853c4bcd4435768b93f53c2,0.2,0.03,0.77,0.9362,0.144375,0.47750000000000004
f4491632799189351b5c752918c1485d,0.122,0.072,0.806,0.9876,0.062222222222222234,0.5037179487179486
4a7801be34347e54ff969c9273027206,0.154,0.169,0.677,-0.9978,0.14965032481569446,0.6867141537666831
237f806ac4569a6dfd685f57774d5a55,0.059,0.015,0.926,0.9986,0.061797921071176876,0.4659849065663018
4772384cbe8ec578852bfbc0f7956c66,0.119,0.034,0.848,0.9168,0.15000000000000002,0.3743055555555556
1f39a9b463bc4f6b5a5889c67492e28c,0.132,0.01,0.858,0.9651,0.15208333333333332,0.4138888888888889
c4de51f83ebe7a4bfe373518e5ccd9cf,0.062,0.011,0.927,0.7269,-0.007894736842105265,0.36491228070175447
0bab344a03408121c8d4898791e0e727,0.089,0.24,0.671,-0.9988,-0.16380208333333335,0.6307291666666667
8a939ed7f3e5de1bdc67c060cb4c0135,0.234,0.0,0.766,0.9451,0.33376623376623377,0.44945887445887445
07663494ae57bad84f13256c152c5a98,0.0,0.124,0.876,-0.9431,0.08522727272727272,0.2772727272727273
c62842d9cc3b35624198091a8867261e,0.089,0.0,0.911,0.9578,0.056060606060606054,0.5151515151515151
5ebfe37ffde9c3984d61062329dafca1,0.059,0.0,0.941,0.782,0.10208333333333333,0.3770833333333333
41815ae726c732b6db6cfdf85fb45901,0.101,0.016,0.883,0.9991,0.14029720279720267,0.39718337218337196
07ad16b4621469b3f48a816d6d14db1c,0.099,0.007,0.894,0.9996,0.13879047619047633,0.3281174603174605
f2d4462b472a83c90ac5175c8b24a5ca,0.053,0.011,0.936,0.9219,0.052586206896551704,0.4948275862068966
e7c099cd28e666ebc1d35432db9c0b09,0.076,0.019,0.906,0.9994,0.0796209273182957,0.32796418128654975
93c488d70a851aacf2afd808da48a699,0.194,0.13,0.677,0.9951,0.1723201762494042,0.6382902432534784
c3322a418395ff6214c8492ee6aea1f3,0.168,0.031,0.802,0.9989,0.12149891774891779,0.41079484008055434
8a82b9cbae43dfa6e889e3df28eb2e53,0.05,0.0,0.95,0.9545,0.10645454545454544,0.4658484848484848
c6e84805492691bb954c231d31cf1435,0.121,0.006,0.873,0.9961,0.11048321048321044,0.513923013923014
e525e747f8dc1b8ae0aea329a6f939c4,0.143,0.098,0.758,0.9845,0.22475904709947264,0.6732360429168939
8a769a8cbae166e82b6e92ac0debd81a,0.058,0.027,0.915,0.7252,0.025,0.5709259259259258
4b81d7b3720c9f9872c65e22e829b6a6,0.085,0.021,0.894,0.9992,0.08085464337250052,0.4759510410224693
faf2bd3954d2e2453a34efc79e6491e9,0.078,0.0,0.922,0.3182,0.0,0.4
3fbf37734c4a77a7621c3c7b24b11786,0.332,0.0,0.668,0.8373,0.26666666666666666,0.55
e80ae4515dd906802e5671707d2fdbbe,0.164,0.0,0.836,0.5719,0.0,0.0
543cb6d52546f85e519a69778fb8c9f2,0.054,0.004,0.942,0.9977,0.10054610422257483,0.3758558435029021
ba66e33fe5150869ae3b336728db077b,0.18,0.0,0.82,0.936,0.12106227106227108,0.3163919413919414
4775f23ef125074a60d89225a08ea3f4,0.142,0.063,0.795,0.7003,0.11975308641975307,0.3037037037037037
edb22c3f29d32e1fd5d4ad2e962045d3,0.148,0.128,0.724,0.9701,0.04639303482587065,0.549004975124378
71448b1682206a85249280524ea260b1,0.037,0.016,0.948,0.5862,0.2668831168831169,0.4324675324675324
7c4d91ea0709f98a20e649eb1acdc77b,0.16,0.024,0.816,0.9995,0.16864953886693013,0.4543937222198091
ec3b7a9525b4f2f89430e7087021a432,0.081,0.016,0.903,0.7839,-0.05555555555555555,0.15674603174603174
9f25a1ac2d5a13639b543e506dc67e3a,0.117,0.095,0.788,-0.3182,0.0,0.0
17b99b14bd2f0c6675a841fc08b77caf,0.029,0.036,0.935,-0.5106,0.07894736842105263,0.2850877192982456
b902698498b9f3ce5a246fac2ac24d2e,0.17,0.0,0.83,0.6808,0.0,0.0
215cd2bcc5a13d2f9fa62472204cfb82,0.198,0.001,0.801,0.9995,0.38193738628521245,0.596525817177991
d0dbe79c0b786502e7488b782d0f3169,0.111,0.058,0.832,0.9949,0.021142749094876758,0.6347533937693507
4943b47ad5e7b397f2be1a00fd8bd047,0.1,0.0,0.9,0.9971,0.07982456140350877,0.5056286549707603
e80492c2d43f11d3220603dc02611046,0.0,0.162,0.838,-0.8176,-0.16666666666666666,0.7083333333333334
4c8da4471ae51476855441479cf3d585,0.054,0.004,0.941,0.9575,0.052518796992481215,0.2683082706766918
1809bcbb6ceec8e5827e253295e4a36e,0.099,0.184,0.717,-0.9998,-0.004023283684300631,0.45238079952063026
97a1d384bfa1a4882d99183e1a8a6dcd,0.049,0.0,0.951,0.9493,0.06789772727272728,0.1888257575757576
6eca86ea9f1acd4af6d44abef3a8fc25,0.147,0.047,0.806,0.609,0.0,0.6
50614687425e3c934a8d34e9cc0ed3c2,0.218,0.038,0.743,0.9981,0.12062222222222223,0.30479719169719166
4362f4867b12b705576ca8852f776306,0.056,0.149,0.795,-0.9931,-0.042178362573099405,0.46388888888888896
cab41df8ad6bd1d420f2924060e2e616,0.062,0.129,0.809,-0.9937,-0.061673839726165317,0.5898897614013892
9964e98d5417be974f4c3d8e82cd2153,0.183,0.0,0.817,0.9989,0.12983150183150183,0.40930675307598396
327e28b3a87d539f0469bf13c2da0a57,0.173,0.057,0.771,0.9996,-0.02397723434957478,0.3777140707991769
08411b04377650e5b81bace6b61d82d8,0.124,0.037,0.84,0.9754,0.1875,0.48634259259259266
f7ac41bb90506954aaf41ca43a1b5558,0.1,0.087,0.813,0.9883,0.11823448481343221,0.36650897685310585
3bca73fdfc3805e34d0ac746d067f323,0.117,0.012,0.871,0.991,0.26777777777777784,0.5727777777777779
1fbfa84c6dfdb021a97972dc4fc49919,0.07,0.024,0.906,0.9926,0.15808080808080807,0.5221099887766554
359063e53c7224a53d0a6b10be30cbfc,0.178,0.0,0.822,0.7424,0.125,0.2
cfde27076abb54ed81b0450258285dda,0.204,0.121,0.675,0.9346,0.09287518037518039,0.2981782106782107
10d20ed4e624761638b88db665b200c2,0.089,0.188,0.723,-0.9976,-0.1495886752136752,0.5835470085470086
930d4b38d4dbfde2e93d9a5deab751db,0.12,0.074,0.806,0.9978,0.09234716057500869,0.47029942279942294
e47c85916fb36353ccc715b976c45508,0.144,0.159,0.697,-0.8349,0.1014589577089577,0.5978169978169978
7c601458d528988b123192432374dacb,0.109,0.074,0.817,0.992,0.07538057180914319,0.368458190161487
248113c37bc13f8faeb44a47fc024919,0.137,0.094,0.769,0.9976,0.09284591194968556,0.47995283018867924
7fca7a103f12cc16b5457fc6bf70d644,0.219,0.024,0.757,0.9999,0.2779329501915708,0.6889348659003832
eab79bf9a61bdce9fac0723a12ab937b,0.064,0.16,0.776,-0.9934,0.014999999999999994,0.19749999999999987
45364cd670c3ee60067af7cb5d3c1587,0.157,0.054,0.789,0.9949,0.21486402486402484,0.5599725345879191
e6b5272c2163b4b1c4bcae35a9475a74,0.045,0.211,0.743,-0.9939,-0.05128205128205129,0.21611721611721613
104facfe4e1cb3bf1268455a1452b151,0.076,0.078,0.847,-0.5106,-0.1606060606060606,0.28712121212121217
7b97ba160b52c80334ff254df6f009be,0.138,0.051,0.812,0.9999,0.1868012731251244,0.478535795592688
41d32fa527ae6a26ee36cfce480a95f0,0.027,0.107,0.865,-0.91,0.15000000000000002,0.5055555555555555
a7c8138dd827c318fedb3509c7d09239,0.145,0.068,0.786,0.9998,0.014335756257631282,0.5782326865842483
4075d344adfe66d508f28c6378bda350,0.024,0.039,0.937,-0.9761,0.09239130434782608,0.27898550724637683
9ed6e048fe628c020e3a48f47743667b,0.141,0.103,0.756,0.7098,-0.2243589743589744,0.6737179487179485
6d51115ee0f51c116aa60f648b24e0be,0.097,0.148,0.755,-0.9014,0.05808823529411765,0.4156045751633986
2f726b9a6e7e6b8fa543cc22dcebf43e,0.056,0.02,0.924,0.6124,0.0576923076923077,0.3596153846153846
25ffcfd618ce0d2f71fea0d583b5ccc5,0.101,0.136,0.763,-0.9956,0.08618425728500353,0.436396750016153
e85d4acbd6fdcc63aae65db14c1e2aa4,0.261,0.004,0.735,1.0,0.1706873585478849,0.3848081415660363
5d0ac4f7fbf1d3d1d5faed99e6ac0699,0.163,0.0,0.837,0.872,0.2318181818181818,0.4785353535353535
3fdb11b052f44ddadd60a88cf758b174,0.082,0.087,0.831,-0.8475,0.05380995455622319,0.48669692662229963
d5df016b7ffdf65831d2df840672044d,0.036,0.0,0.964,0.34,0.05,0.7
8b23ddfbc12f582a4c87552a0bba7ae3,0.162,0.046,0.792,0.9951,0.19976453308596165,0.48354081632653073
06fa4bfb2011fd953018ad17131849aa,0.291,0.009,0.7,0.9944,0.2966666666666667,0.6004761904761905
4650087962079184bb36a9ce5ec77b44,0.091,0.06,0.849,0.983,0.04709505423791125,0.37884085026942177
7200c176f40a0dd69b2b844834455b44,0.142,0.109,0.748,0.9157,0.07796841655996586,0.33141058472044393
46f2f150f1feecf50a8605188e1d3345,0.226,0.0,0.774,0.9923,0.2811447811447811,0.5684764309764311
d934b7f6bbc913dee1870e943f33ed75,0.22,0.0,0.78,0.5859,-0.2,0.4666666666666667
2795ef2c5151e909cc113743419f6c53,0.0,0.0,1.0,0.0,0.5,0.5
491698f49506709e1582940152783aa4,0.033,0.0,0.967,0.6808,0.12666666666666665,0.2666666666666667
c6a04be7e78c80d7929a4307f8c5aa9b,0.125,0.013,0.862,0.9884,0.15347222222222223,0.35347222222222224
868f413589ff36dd278db042ec50e71f,0.115,0.12,0.765,-0.9154,0.041118935837245706,0.590160406885759
295c41a2ab31fc2c5619d577423bff52,0.101,0.0,0.899,0.9081,0.23125000000000004,0.4166666666666667
2c987d7f48d45e67a18e0d5be22ae51d,0.033,0.01,0.957,0.9854,0.05106007088149944,0.43349931814217524
ca9823893313872d612fcc57780bd4c2,0.047,0.128,0.825,-0.9788,0.13356643356643355,0.5182983682983683
26b802e0fa315fdb5794217e6a1065f5,0.085,0.114,0.8,-0.9769,0.04976680384087792,0.5642514207329022
88cc4fdabb3b2aee786e9733b7076b67,0.202,0.112,0.685,0.4404,0.45,0.35
50dce09db22177a836b0c78b1295c51b,0.044,0.018,0.938,0.9672,0.03760279575496966,0.40903353892484323
63a42abd81754462ef57aa1987c0c387,0.056,0.009,0.935,0.9962,0.05511777935606062,0.4062997159090909
9ef0e7d10c8d641c77722b11ac6284da,0.249,0.017,0.734,0.9874,0.37575757575757573,0.7797979797979798
b344967ae9eaee15d1be1228d3e558cb,0.069,0.0,0.931,0.8908,0.06880341880341881,0.4164529914529914
bbec1c732819e5426c02aaa9a4849b56,0.075,0.011,0.913,0.9615,0.028571428571428564,0.3511904761904762
9fe1ed3a67e5dfa4dbac4ce9cd9ca184,0.053,0.022,0.924,0.9363,-0.05696098773021853,0.47033223187069334
ae36cb41c6376faee946dd729f626f4e,0.176,0.025,0.799,0.9089,0.1607142857142857,0.3218253968253968
e0cd80b1a68d72076a24ca2b958bd53c,0.014,0.045,0.941,-0.9888,0.07859848484848485,0.29255050505050506
4cfaba826f9c18b0a83fcc571d9a9e68,0.112,0.0,0.888,0.9437,-0.025000000000000005,0.3222222222222222
036d8fc9eda7acd2afd723e4b6603224,0.266,0.023,0.71,0.9907,0.35441176470588237,0.6898692810457517
0f1c08b54ec62c6e3d58b67caa67d93d,0.08,0.0,0.92,0.5106,0.0,0.0
90d04f56b2bb204ff12ea8769f73d55b,0.235,0.139,0.626,0.9989,0.02764100758148377,0.5356919535490964
2ab8ee8710fc3127c02f2d1616ceac29,0.091,0.057,0.852,0.9524,0.22677304964539002,0.5214539007092198
7a551db9aa76bab5cc853be03f3347b1,0.052,0.018,0.93,0.9967,0.044375,0.7111805555555553
e02669d6d3b262c74a7537ca0ccbd24c,0.119,0.047,0.834,0.9949,0.10824829931972789,0.504435941043084
75b44f439cb869f96475dec6276f7d81,0.084,0.121,0.796,-0.9952,0.023529673063255156,0.32691897654584234
5aea6fa367c71b5c44095f3ec7820085,0.067,0.026,0.907,0.9648,0.16498941798941802,0.5197169312169311
f4841d6fed7eeb1020b0d3ad2b1cdcc7,0.049,0.192,0.759,-0.9997,0.006349206349206349,0.3827380952380952
8190f451924376fb58c78bcd708af116,0.064,0.193,0.742,-0.9997,0.034467120181405894,0.31948223733938036
4a02f3832d98326e3ce779472152a400,0.0,0.095,0.905,-0.5267,-0.19999999999999998,0.16666666666666666
5a569a48e52d08f6c2e2a6409b024fa6,0.092,0.029,0.879,0.8951,0.12571428571428572,0.4
022696ac8467f33b59877039453faad7,0.125,0.015,0.861,0.9979,0.06109788359788361,0.47432980599647273
3f79045e6429e58c158efba62ea7e403,0.046,0.023,0.931,0.8442,0.018055555555555554,0.49429012345679013
e8358dbee1201ff6cf5917cb8b302c81,0.196,0.191,0.613,-0.9375,-0.08092107583774251,0.6442980599647268
5b0d16c862c18b1ed7c661d526c09cc9,0.056,0.033,0.911,0.9424,0.18965408805031445,0.4731865828092242
12da17bb39ddda9e5a075f3f30c49a32,0.279,0.012,0.709,0.9972,0.34734848484848485,0.6324074074074074
49d333464f6d9906239357e4ee030652,0.178,0.071,0.751,0.9805,0.242989417989418,0.612830687830688
2290a074e1a1f40f30c3efd3ab954171,0.108,0.167,0.725,-0.9955,0.11637588001224364,0.37477425772880313
c3b729df021dd47dc4d5995b3961c014,0.041,0.042,0.917,0.1817,0.10997899159663864,0.48205532212885155
bb64c17e612eca3480ec64b1f531ac89,0.057,0.027,0.916,0.9591,0.021853146853146852,0.24133644133644133
84511afcd7e58adafcd64431579fb190,0.111,0.212,0.678,-0.9996,0.06269841269841273,0.48174325674325685
3571a7159225b9193f8d3ba166342d77,0.087,0.0,0.913,0.9761,0.09490093240093239,0.23065268065268066
7fb6482e790715e8b8cc4527843513d4,0.121,0.08,0.799,0.9998,0.11292118992119006,0.4507422418850991
264933dcadc2e0260b496094fd2925c0,0.104,0.049,0.847,0.8686,0.11770833333333332,0.5791666666666667
3840ae22a285ce849ec20b4977a43dec,0.059,0.0,0.941,0.3612,0.0,0.5
83df9314220ed59a8e4d8d35c1ac8bd2,0.037,0.014,0.949,0.9604,-0.007180579836829839,0.3660538680069931
528c9a03d655bfb71a202845a1f8ee5c,0.086,0.074,0.84,0.2974,0.07807172251616692,0.45230746619635503
a7e3108387e543b32ebac5766cecd123,0.062,0.0,0.938,0.807,0.13333333333333333,0.5763888888888888
c6627a90438cbf832c99227872aa1f9a,0.271,0.039,0.689,0.9849,0.041008771929824564,0.345906432748538
b62d1f9a38dfeda37fed2965d0f522a9,0.085,0.014,0.902,0.875,0.5,0.7277777777777779
6623e786cb6b3ce262a261e782a23ecd,0.142,0.056,0.801,0.9999,0.1243264217722423,0.46340236131257767
632d9d82ab02c3e514b9414b3e0b0f40,0.046,0.004,0.95,0.9986,0.11920915731995296,0.4669485438803615
50432b76e9376740be2318a417378a5f,0.263,0.019,0.718,0.9997,0.37920148856990965,0.7724093567251461
1bf06c92c8b414675ba366a6546348d6,0.121,0.105,0.775,0.8906,0.016059280855199233,0.7048833819241983
4fb6ff88a7953e07f85093a87daff638,0.109,0.043,0.848,0.9895,0.27477718360071296,0.5815285204991087
83b851c58a8b24d683b46c6488a6bc23,0.053,0.027,0.92,0.9874,0.14437984496124026,0.5918604651162791
3bfce9d16988a4e12a9fb9e444ce86f3,0.095,0.0,0.905,0.9501,0.1904761904761905,0.4376623376623377
c2db31db5a8376b1297c3b68643930df,0.144,0.046,0.81,0.9954,0.10715932914046121,0.4167400419287212
56b0dddc17c135bdeaba449c01253c0d,0.208,0.0,0.792,0.9287,0.17142857142857143,0.24761904761904763
6fd0397957cc916d62c3d93101ad8f17,0.108,0.015,0.878,0.9601,0.2752604166666667,0.4419270833333332
efe510a9b269d86e24a6982bb7c6505d,0.183,0.031,0.786,0.9816,0.16574675324675323,0.5296915584415585
cc2203f5470d48d46bab62f48927d12a,0.064,0.0,0.936,0.8402,0.0,0.16666666666666666
fa5fe3be0c1d090434c024bdc5e6e22d,0.134,0.009,0.858,0.987,0.1597826086956522,0.45241545893719814
719947fee25159c57c7089f685bcac83,0.064,0.029,0.907,0.9974,0.07625042822884551,0.3896511362338702
fd2bb4c5362becab4635b4cb314ac5b6,0.032,0.038,0.931,-0.5267,0.125,0.3214285714285714
a122a7ad9f8f5d432003977ac97565cd,0.18,0.015,0.805,0.9992,0.3095000000000001,0.7328333333333333
ed02ac7610571235a8895b80ff7a1d17,0.069,0.038,0.894,0.9783,-0.019355450750799596,0.46409849840082396
76c6830a5f06e071114e9115be46dce6,0.132,0.082,0.786,0.9794,0.09527698863636364,0.4461489898989899
08b6327c6de120ab0be9a0adda6e3487,0.216,0.035,0.75,0.9911,0.35429421768707486,0.6738095238095239
258615772e69e9f9ca544f84394b01f2,0.094,0.007,0.899,0.9903,0.04654744162940883,0.34891952309985075
7cf875138a0464ec14eb745303b4432c,0.066,0.0,0.934,0.4767,0.14444444444444446,0.5444444444444444
710cb9a2363d0876be038b2239b270ff,0.038,0.003,0.959,0.9856,-0.004901145602365124,0.33820214338506993
75873b8bab33bc3568325f286be3a1d4,0.08,0.006,0.914,0.9958,0.07185470779220778,0.5334889069264069
6ccb7b824dfb48fc49fd32dfecbb4739,0.446,0.0,0.554,0.9993,0.3138571428571428,0.5120952380952382
1737fa3a5228063a35866afffc25a23a,0.268,0.046,0.686,1.0,0.1324056374337273,0.4406573707191685
5b7b223162863b300b186f70e4fb7ff4,0.052,0.017,0.932,0.9164,-0.3333333333333333,0.7666666666666666
2c5e71f242d7c746202e8156a2b3b525,0.076,0.01,0.915,0.9959,0.04877769289533996,0.32505729564553115
58f58027698c083e2037a06962c3982f,0.114,0.009,0.877,0.9794,0.21969696969696972,0.5199896694214875
72e51c646c388d2f8f6cf6b630cc54b6,0.08,0.02,0.9,0.9993,0.057314467000813836,0.341395064550046
953d7366e428ed2457a9e79d5b12643e,0.139,0.053,0.808,0.9999,0.11455552479648877,0.4448161527227787
f0993e8334e4b901b377e2b6fd2731c6,0.087,0.008,0.905,0.9951,0.11255274261603375,0.34170685151697816
c972c2642a0cd2b24d65359244e63e31,0.0,0.0,1.0,0.0,0.2183712121212121,0.35757575757575755
872219a3b6aa325b44adf116a8aa912c,0.065,0.009,0.926,0.9393,0.06875,0.39285714285714285
1373931890bba400cdde9263ebc389a6,0.084,0.035,0.882,0.9346,-0.13520408163265304,0.48874149659863947
4cfb855e3b56d655ea0949520120effc,0.061,0.0,0.939,0.959,0.04956140350877193,0.2736215538847118
f65c4c09f07f017ce0dcb8dfa9e8ac06,0.034,0.0,0.966,0.8885,0.15462962962962962,0.39537037037037037
cfb87f4e08144978095c6ac27d6a74cb,0.063,0.007,0.93,0.997,0.018333333333333313,0.4849603174603174
2f7ed77722e50f26b71aaac970e28101,0.063,0.035,0.902,0.8847,0.08750000000000001,0.4358630952380952
ec2497d38262b2174196ce6f525ea6a9,0.139,0.101,0.759,0.9912,0.05779265873015874,0.4240708943833944
830779d5dd57a0119019c047ed13e27b,0.187,0.074,0.739,0.9902,-0.09772727272727272,0.6166666666666667
167d92270c07a76e0045763d53bdb57b,0.117,0.136,0.747,-0.9887,0.10354696389179144,0.6114395183360701
aa0cd8c42243a91e290cfc54c0581b29,0.145,0.12,0.735,0.9567,0.15700757575757576,0.49071969696969703
7bcc75a1c732d6ce609cbb8951724988,0.174,0.05,0.776,0.9989,0.05263047138047138,0.36991792929292927
75f050cf77b460d72ad4646c8163d8f5,0.096,0.03,0.874,0.9845,0.14108858621053744,0.5487796079259494
b127ed9015a27bbc799f76c2c3cf93d1,0.086,0.02,0.894,0.9988,0.04035919754004862,0.4915207133292238
502ae53c0dc893fd54e8e26674c70a59,0.104,0.047,0.848,0.9924,0.12118493422841253,0.4217063532280923
4e0ba1583be39206af039dea1eda3c5c,0.128,0.059,0.812,0.8316,-0.018750000000000003,0.6875
c5d02dcac0fd314231d773535379b27c,0.136,0.053,0.811,0.9999,0.11982281484493884,0.4440382380647864
0c86cc3fb19cf08d94b11c6201f3b14d,0.342,0.153,0.505,0.8705,0.85,1.0
6702593a04d73d929416a292d939cdf6,0.011,0.019,0.97,-0.9042,0.08108108108108109,0.409009009009009
fe0733a8481c244f2797f11b03cda62b,0.067,0.004,0.929,0.9803,0.12647017045454545,0.5045025027056278
067d2f2122144c4cccb6b8edef093354,0.18,0.021,0.799,0.9882,0.04723707664884135,0.274777183600713
1e684adf1720f0539e30efa524a629f9,0.089,0.051,0.859,0.9901,-0.062121726190476165,0.5491999999999998
2359412fcb65cf6720dda885de901d93,0.171,0.018,0.811,0.9999,0.22876186985057947,0.5530605595121721
faa5e9c1a536bd15ff6f3f94499f2a99,0.078,0.129,0.793,-0.9977,0.06526538921887759,0.4956734006734006
46d30e942b53c0d710ecc2b39c687420,0.133,0.013,0.854,0.9985,0.10891927083333332,0.466592261904762
4c3a9383118537f83b1bef1dd5a470d9,0.069,0.093,0.838,-0.9868,0.09830357142857143,0.3069436813186812
a2f86feee89e13eb5d1257fa09676e08,0.158,0.059,0.784,0.9853,0.12921768707482992,0.5263605442176871
b09c3980b13b96e4e1dc3ac4611f1e91,0.032,0.038,0.931,-0.8805,0.0862856531223878,0.4581278132298541
ac1b9f61b824829b381718e0f5a7ab5d,0.114,0.171,0.715,-0.9991,-0.029707128250073028,0.41624306164183483
db18f3bce670b62f5085e8de0e792ea8,0.094,0.015,0.891,0.9949,0.1545492424242424,0.5332012987012986
3142a2dd900943f6a5f58c303708c242,0.031,0.028,0.941,0.3818,0.06098260713645326,0.48729404498635265
2c3857a273c5b5632263864f0c6596a7,0.116,0.111,0.773,0.046,0.07185185185185182,0.31259259259259253
0a8908a80722f00d41b3d6cf80546d03,0.086,0.057,0.857,0.6224,0.08731884057971015,0.3369565217391304
7be5ac0d940c39411dcf97a290f26f80,0.223,0.095,0.682,0.8349,0.035416666666666666,0.7184027777777778
b38da960fc4e0a513441990bff0dad98,0.212,0.106,0.681,0.7498,0.17142857142857143,0.6321428571428571
b2444f936c4dddaafb1b39657fb1c7a4,0.068,0.021,0.911,0.9451,0.11875000000000001,0.4104166666666667
4a7681878e97a13a7e565f74a90866dc,0.047,0.062,0.891,-0.9726,0.052905183052241865,0.5103661044837515
92c24dc7c33b3dd41e0385e7d62411c0,0.0,0.05,0.95,-0.5371,0.03333333333333334,0.45763888888888893
bcb9bd14f3232e924e2ed0b33fe6220a,0.069,0.092,0.839,0.0,-0.15625,0.475
b8cbd8770cd6d0f74bbdb86ca3b8d50d,0.259,0.016,0.725,0.9865,0.2788888888888889,0.5887301587301587
e0dfd8dc4c360cdb3d53a624e93f0cf1,0.1,0.091,0.809,0.3626,0.10779103143233579,0.510075522303783
04e172f04e0775e07475a2560dafa2a6,0.116,0.075,0.809,0.9837,0.11510213744588742,0.5873630275974024
19e58b3d1873d856b075a40c8dcf4107,0.026,0.02,0.954,0.3348,0.0,0.0
8be154dcbde9c3fee1ad29b2faba579c,0.022,0.128,0.85,-0.9845,0.04479166666666665,0.3052083333333333
5a2434363352d8377a9c1de519a52baf,0.066,0.213,0.721,-0.9996,0.12373588610702012,0.47683848797250855
a69d947d834526181d5fa10855648583,0.083,0.045,0.872,0.9678,0.10791083916083916,0.3722027972027972
5dd40834b0fd54df83d41063cf3a0bfb,0.031,0.0,0.969,0.2023,0.025000000000000012,0.40138888888888885
e211481a4b0712141e6027ab1e856398,0.19,0.0,0.81,0.9406,0.17180397727272728,0.35271464646464645
23513d581775c592bced38e557197465,0.174,0.097,0.729,0.9758,0.09557098074339453,0.5049664128974475
c8d97f02763d872de8745c76dafda89f,0.125,0.072,0.803,0.6135,0.0794871794871795,0.35256410256410253
72a99d16fd7af023edc5657f5e4aa4d7,0.132,0.076,0.792,0.8728,0.1705128205128205,0.5927350427350427
c8beb392aa59e90648327771eaf3a0cd,0.22,0.044,0.737,0.9988,0.08978078658929722,0.5027562862669244
6b2ae6a0a9c5f5386a5ed1651ca3fb4f,0.176,0.126,0.698,0.9811,0.13035714285714287,0.5291666666666667
8913e98c86ca30fdc20dceeaf7b288f4,0.178,0.042,0.779,0.636,0.20833333333333334,0.6666666666666666
7ac1a6f94b5fc5d83679086dbef5cd90,0.088,0.112,0.799,-0.9587,0.035674603174603164,0.5833730158730158
afd33e3daaed7ebd932adbebff48b500,0.082,0.015,0.903,0.9127,0.2710144927536232,0.506400966183575
cb3b8ad6b157869534ca55a89e02bcc5,0.181,0.025,0.794,0.9856,0.13510802469135802,0.5424382716049383
fc5cbefc46d998b4ffb72984c94f809c,0.152,0.114,0.733,0.9881,0.062283790283790275,0.48165848965848945
00579e1eac22fb8b03b6d577afcdc826,0.078,0.01,0.912,0.9796,0.1708333333333333,0.38000000000000006
bc306b9185894009f276628913b4e66f,0.144,0.111,0.745,0.9783,0.09529030910609855,0.5363199665831244
1fb7fba22c4e1f55b48a07d2c076a2be,0.056,0.0,0.944,0.9491,0.18055555555555555,0.43505291005291
d27d04d951c78a0c4369b2048b66b56f,0.112,0.026,0.862,0.9998,0.10027276735610069,0.4393326632215517
88b2311597d900a87a53cc17ee94e26e,0.161,0.118,0.722,0.9853,0.10103797717434083,0.5675472255017708
a2de368674d1377c9f82e7a3e9eda55f,0.113,0.018,0.868,0.9936,0.13749999999999998,0.48636363636363633
ded44c1340ed4152f2f36c7fae126183,0.18,0.106,0.713,0.995,0.2628344155844155,0.7016266233766233
08f6980ca500b3782f518db73d7f649c,0.125,0.009,0.866,0.9863,0.08681250000000001,0.23337499999999997
0821bac652e1ce86960ab1340f712416,0.244,0.0,0.756,0.8807,0.23522727272727273,0.6443181818181819
6b569b277c85a1a78cd94cd850703bee,0.136,0.047,0.816,0.9786,0.19876033057851242,0.43980716253443525
ccf349163256af545777670b38061b87,0.198,0.013,0.788,0.9922,0.17326979472140766,0.5328885630498533
353cf47e447a1060bb20cc852ce409ae,0.096,0.044,0.86,0.9991,0.0791879639771207,0.329455701594256
bb677fcce0cde6db039200293b728d48,0.126,0.094,0.78,0.9847,0.09545961850649351,0.46504888340825845
a8526e743e42c2bc6459d94dfb6bebbd,0.052,0.03,0.918,0.5324,0.13999999999999999,0.41
ddd3aa395b43dda86e26223667e7b07a,0.052,0.106,0.842,-0.9655,0.10520833333333335,0.46270833333333333
261f0691e0d804434f2b5724875a2557,0.012,0.008,0.979,0.8555,0.09736842105263159,0.39342105263157895
d92a84a6fafa33fddcba003cc84e878b,0.235,0.101,0.664,0.9995,0.1336271444604778,0.47436708353375023
43d3a64549ac59f99407b3ceae26bb7c,0.053,0.07,0.877,-0.9831,0.09290143818445704,0.49302311943821375
1a595f1ce0e3ba14f4cf765cf79f6ae7,0.062,0.0,0.938,0.3818,0.13333333333333333,0.6851851851851852
7b1002d8b115bedd0092b2bf8501852f,0.238,0.04,0.722,0.8999,0.7,0.55
30083cadeb79199ec05827ae217b6577,0.171,0.036,0.793,0.9991,0.06067926455566905,0.4642866870956758
60212edd8665ddf62f83c1a92cdd76d0,0.201,0.01,0.789,0.9997,0.22868155236576293,0.4964159135211763
391286fb902cf3ef3a2b766b295ee531,0.167,0.032,0.801,0.9946,0.14914361001317522,0.48161138378529683
0102d6cac85a96de602b9271f6cc216d,0.14,0.026,0.834,0.9961,0.0628066378066378,0.5238939136260565
4c09d5e79e2156dded60f647267a0e0c,0.138,0.034,0.828,0.9982,0.1869656771799629,0.4271542505113934
2242eac06fc1842b6e47c6867037c26c,0.259,0.037,0.704,0.9975,0.11499546964663243,0.2829583207490184
72addbf5f4febc6b68d7156a0d17b8b2,0.023,0.063,0.914,-0.9764,0.04974120082815735,0.35507246376811585
4b28727e3b204ebecaed3ca9b14ee856,0.139,0.072,0.789,0.9919,0.19944749694749697,0.5371672771672773
0a7c22ffc8a32801c25d80b6a86fbb98,0.195,0.002,0.804,1.0,0.3259267200304936,0.5723270440251573
d1dacfda07ecae83703db3c1ae1247c6,0.131,0.015,0.854,0.9706,-0.05522727272727272,0.41424242424242425
0ad184e631e37ffe141254b556bcc7f0,0.254,0.012,0.734,0.997,0.24166666666666664,0.47500000000000003
22242f8b2f05a84f3dd6026835a4c358,0.054,0.0,0.946,0.9716,0.1290633608815427,0.5466329966329967
c47bc9d6d1d3f64563975dfda232c0e6,0.05,0.046,0.905,0.8898,0.011127362736273627,0.3717741416998842
24200a533d924c3f26a783ef1a2a35a0,0.0,0.0,1.0,0.0,0.45,0.65
24f423d450de20c9abdae5671e28e402,0.028,0.051,0.921,-0.9925,0.10459313993796751,0.5097564313081553
e5b1259548711b1da6c5e11e833e496d,0.038,0.01,0.952,0.7783,-0.03724732058065393,0.46726360059693395
f7d908abbfabc8acebd13ffda10e3e29,0.191,0.021,0.788,0.9963,0.21424242424242423,0.5192563566701499
24e9ed202a068f6cfde049fc9424868f,0.097,0.035,0.868,0.8702,0.04998015873015873,0.42428571428571427
b35c56aa5576a298b295ad9bb1a2ac9a,0.119,0.143,0.738,-0.966,0.06585169880624427,0.49599977043158855
e6c8367383958e0bae2792658cb9c0ca,0.129,0.041,0.83,0.8898,0.125,0.21666666666666667
bf23db438d39e3087e1dcf439b680c69,0.194,0.064,0.742,0.9991,0.1548609723609724,0.5242484225176535
de6c31122698a7c9cf529f4c394f0486,0.152,0.006,0.842,0.9913,0.14894127611518918,0.48410031996988523
363e38b2e985bf20892a760eb5b75af2,0.053,0.0,0.947,0.7906,0.09090909090909091,0.4098330241187384
3dd78e701f7959f203aea7dd9e7e1bfe,0.107,0.006,0.887,0.9991,0.09516915732669158,0.4217621419676214
a88109ba81f6c710fa8901e177bad8ae,0.088,0.007,0.905,0.9617,0.07406462585034014,0.4512755102040817
c366c573619276048732e1f99bb24541,0.094,0.054,0.852,0.9874,0.12055555555555558,0.3800854700854702
192713ea99e448951018af43021c2522,0.039,0.029,0.932,0.0772,0.0,0.6
4f885a8d023334ca9c3980bee34ee655,0.128,0.02,0.852,0.9981,0.2200930593529278,0.506895933014354
9d2a8f38dbe27e5c073dc40a122e5558,0.092,0.112,0.796,-0.8695,0.035364145658263305,0.5123249299719889
d88774b950499853bc580c741ae851f1,0.052,0.004,0.945,0.9969,-0.04169867690994453,0.5346350832266329
530f3712af2802054556fc5499d2f2c8,0.122,0.129,0.749,-0.785,0.1399519586104952,0.6527124907612711
4000079ad3b55cfd4aeb1534b70be859,0.06,0.0,0.94,0.3182,0.0,0.4
910d175779644058a34d807beb1c9b10,0.178,0.009,0.813,0.9997,0.12058906825261966,0.40674030019824414
7e7c99e880830a717a92d14eb0ed2833,0.1,0.16,0.741,-0.9966,0.03744872480827538,0.5101859283039057
cf011e947f0c6c049002cf8ba2e2f0b0,0.018,0.0,0.982,0.5267,0.019230769230769232,0.15384615384615388
393cb4b9eb9e4a5ce190b5b2ffe18be3,0.164,0.035,0.801,0.9824,0.19065217391304348,0.6483333333333332
1348e48f12f732cae6e2f502881cd7c2,0.11,0.043,0.847,0.9698,0.0046378418329637745,0.50760039418576
3583fcbcc49590438bae8ca4ff9ee94a,0.062,0.006,0.931,0.9943,-0.09018518518518517,0.586851851851852
50412d1e6a529f91af829dd3e6ab406b,0.131,0.062,0.807,0.9794,0.13871695680206317,0.5083709434773265
2a50d2f9749e89d7e44a98bfb246113d,0.148,0.034,0.818,0.9993,0.20210856559171173,0.5211476725521669
f1d8f987512d59cf26f738f84de01bc5,0.07,0.019,0.91,0.984,-0.005615942028985514,0.4394927536231883
cfde1388929d00987e5b790cc0c687c9,0.021,0.004,0.975,0.6836,0.05335097001763669,0.44717813051146393
efc91e70c6e913e5fe39b5c72fde1e8c,0.085,0.076,0.839,0.4019,-0.01785714285714286,0.5428571428571428
5561a53677fa5865d1ab4b69b8155c17,0.345,0.022,0.633,0.9995,0.40218253968253964,0.6095238095238096
b7bca5db5a63e278d0a6fbec126cfc5b,0.063,0.116,0.821,-0.9927,0.003079849124152905,0.5356763840941056
cff5f7555066cd106a4efdf39e8a6b6c,0.123,0.027,0.85,0.9998,0.14078163124754028,0.43532964384100725
c703e688ce768382eee89f33d52ab674,0.158,0.013,0.829,0.9971,0.1982804232804233,0.41342592592592586
e37626103efc30b41b5ed5ecb7d581d6,0.145,0.095,0.76,0.8093,0.05059523809523811,0.5633184523809524
100becf3f890a5bb3d34263deee1f573,0.029,0.008,0.963,0.9092,0.017499999999999995,0.5906944444444444
846e6ece37924d05149e1c21283a8581,0.169,0.071,0.76,0.9997,0.133817476715204,0.5171480315419709
6311a486a6d8cb51f86fa86f0737379e,0.145,0.094,0.762,0.9914,0.0882785541752933,0.5141476880607316
ea27249e64845a740e80dba5020e57f3,0.014,0.011,0.976,0.7906,0.07738095238095236,0.5337301587301587
52c15d41b1377d755bc9d599d768c4f6,0.015,0.052,0.933,-0.4215,-0.09722222222222222,0.4138888888888889
7a353c1133db774812cac8eb8409c86f,0.07,0.03,0.901,0.7845,0.0893939393939394,0.48316498316498313
16ed31fbff8394c21e5660a171a8105d,0.078,0.014,0.908,0.9722,0.1607421875,0.4673611111111111
96c1d8756a79600f414f14c99a63c444,0.106,0.021,0.874,0.9906,0.2026650432900433,0.5433847402597403
b4f6ae0b1c9ad6b55346619c37389f8d,0.084,0.098,0.818,-0.7877,0.04790764790764793,0.6074675324675326
e9d1063100630b61996daabd7cf45b17,0.22,0.007,0.772,0.9997,0.1288059163059163,0.5019781144781145
f596b2f461c8e765f02dceaab221ae91,0.02,0.018,0.962,0.0516,-0.09722222222222222,0.4138888888888889
9abef7eaaaf65106c30ace84365eac3b,0.125,0.005,0.87,0.9986,0.1484307359307359,0.28807977736549145
913140739f166423a9ba2b776f3dea48,0.16,0.021,0.819,0.9959,0.20932088744588742,0.5247294372294372
a26be892ae12833c84028127dbf5a047,0.259,0.0,0.741,0.7424,0.4,0.8
0db21881e3094e48fb9a49eaf9f5d3bb,0.129,0.014,0.857,0.9957,0.27412190082644633,0.5457472451790634
1c83c64a8367527c4ae7d30dcf2695e7,0.047,0.038,0.915,0.4657,0.18636363636363634,0.43989898989898985
f90779e2f5e81b513138558537002b8b,0.067,0.026,0.907,0.9921,0.08693877551020408,0.499795918367347
b78e25b4782a0215aef88b6bfe3844d9,0.08,0.008,0.913,0.9726,0.021474953617810762,0.35185528756957324
1f2d1bf33c0d763b1632edf56f016366,0.102,0.157,0.74,-0.9953,-0.08892895299145298,0.6334401709401709
ad79a71396fe3f55e70a0ba10ba7ade9,0.039,0.027,0.935,0.2263,-0.008979591836734694,0.4013265306122448
2f69c221efd9ab31c3f7269c32975711,0.1,0.076,0.824,0.9828,0.046552864440795476,0.5764869549352308
8a05963fabdae954e1cba9ac593250d1,0.021,0.044,0.936,-0.8925,0.10037601932950774,0.4619012382965871
1f805c2c8e3f684cc4bd4b352cb08454,0.117,0.007,0.877,0.9945,0.09431197218082465,0.3066634185486644
f899965e5e576b8632ef71819db356ae,0.225,0.013,0.762,0.9986,0.18403263403263403,0.46932789432789435
5409bb8766189238ba3d7d25fb0c0359,0.024,0.0,0.976,0.4588,0.06349206349206349,0.2841269841269842
a23d41a9482c3a25a374750fbad6457c,0.196,0.015,0.789,0.9939,0.052777777777777785,0.3185185185185185
793dd6f680cb52c786d0412611d3027b,0.189,0.029,0.782,0.9998,0.18533389687235843,0.4894534952227262
9e403d0bcfbb861f1cf442b4646637fb,0.116,0.08,0.805,0.9971,0.07735088985088986,0.5144563601381784
3e515bd4f2017c2f4e7d56b7db6da929,0.072,0.05,0.878,0.6229,-0.017261904761904766,0.2644047619047619
ecf00d2e7e8aaf5b060620f563a74279,0.145,0.204,0.651,-0.9948,0.041579365079365084,0.5048730158730159
ea85e232379ea3f9f19fbba19b167279,0.125,0.016,0.859,0.9953,0.19711824123588834,0.5977782021899669
df9573dc8328d8a1608e2dff9c50c33a,0.265,0.0,0.735,0.9901,0.3601190476190476,0.5648809523809525
b468f1bb94483884ac72853ab3c1b4ef,0.312,0.0,0.688,0.875,0.27777777777777773,0.27777777777777773
5baad4c9f1a544ed71d96c7406d66a1c,0.018,0.0,0.982,0.9633,0.11864006864006871,0.2752466752466751
a63f3cc87ce72904b5b022543bcda54c,0.02,0.01,0.97,0.8979,0.11833333333333335,0.4927777777777778
895fd97030a6e4232056317cf968ecec,0.137,0.035,0.828,0.9909,0.10071693012869481,0.5768547628841747
eefa7597ea2881f8a80537e0a86c7c44,0.094,0.017,0.889,0.9988,0.07157088492315769,0.4090147541852086
26d0bda6baec163db6568572b315173f,0.069,0.029,0.902,0.9837,0.09347856444630637,0.3055020248568635
23cb551780b723fad2a25fecee0a2925,0.119,0.0,0.881,0.9976,0.21479591836734693,0.4724003887269194
087bf1755ff48c840732500cc8f7f67e,0.092,0.124,0.784,-0.9962,0.06074690610707557,0.5966020984665055
2c2064ec094d57a664a76da3cef17f7a,0.128,0.146,0.726,-0.9131,0.01684567190896305,0.4024705603819528
7e2036cbdf48557371acae5f7cafcf8d,0.19,0.0,0.81,0.9947,0.3493333333333334,0.5853333333333335
55ec2cafc25947d7bba8c8367fabf9d0,0.115,0.017,0.868,0.9952,0.26,0.5474074074074073
1baa3745847ed5282af011f02e09d26e,0.121,0.095,0.784,0.9661,0.1180425579322638,0.5154032976827095
51a40307476dac41912fe09108b4bced,0.157,0.0,0.843,0.9041,0.16177248677248676,0.42910052910052915
a906fe4f7ea39354ad13dd5616268b61,0.043,0.0,0.957,0.8957,0.0406547619047619,0.3498214285714286
94a56300567bc70f3b63309ab34a160f,0.243,0.007,0.75,0.9977,0.3673745173745175,0.5532818532818533
4edfe52d0174611901b13724367b9876,0.028,0.0,0.972,0.7177,0.1673076923076923,0.342948717948718
32ce78e89ff53fdd190cbe6de4e3986e,0.196,0.043,0.761,0.989,0.2564793341579056,0.612914862914863
6ef78aae437e240a5b5bb1205824992a,0.077,0.019,0.905,0.9977,0.08732606679035253,0.33066549852264143
aca792bfe140f75282f2c7a175c4d840,0.144,0.011,0.845,0.9998,0.12129494136536387,0.4071043093578306
d4f1660fd490701af0490f238636d78d,0.072,0.111,0.816,-0.9994,0.16725859908130808,0.4139110225763613
97959700992f2ebf8db528a5161fc9a7,0.162,0.026,0.813,0.9953,0.22290235690235694,0.6236693121693121
bd8ec5f36f6470f31fc63c0f0e2d2271,0.073,0.0,0.927,0.3182,0.0,0.0
5e894b39ffce4e781c867b3a880a9068,0.098,0.059,0.844,0.9992,0.056539191919191926,0.4445106804306807
18369146b6127dda62afeef5f27d4d96,0.074,0.011,0.915,0.9984,0.11283775252525248,0.45441077441077454
32567bbefa664d4d4e1057a488af5f45,0.0,0.0,1.0,0.0,0.0875,0.2625
32159b7461971481e268fc233554965e,0.096,0.074,0.83,0.9728,0.0553468801313629,0.35353721948549555
c85844f46b002dd00a3f1cd73015e6dd,0.183,0.118,0.699,0.9886,0.19520833333333332,0.6038888888888888
ac4d25c18f3b90c8bfa4020568337b79,0.273,0.0,0.727,0.9758,0.31428571428571433,0.575
d8117976040e80463b0bf41133bdce2d,0.119,0.0,0.881,0.9912,0.10714285714285714,0.38448129251700686
197e11ad9f547e0ec5bc54fe1f28137f,0.191,0.099,0.711,0.9938,0.0843491032776747,0.47914192949907236
ebc14dcf5da265a184630ea8cdccfa43,0.129,0.046,0.825,0.9998,0.09683742598397777,0.46267553710657155
142a20e6837b618f51a0e730fe2783aa,0.202,0.079,0.72,0.9965,0.18420177383592015,0.5185883222468587
9f73b7300b2fce34a891395f6fdfca8b,0.217,0.097,0.686,0.9865,0.2524706246134818,0.5728045763760051
aa9cef0352f5f09faeebd96754eafa96,0.025,0.045,0.93,-0.8807,0.05723039215686274,0.30808823529411766
0ddae814e92e0eeaede90fc421e0893b,0.117,0.02,0.863,0.8588,0.20020833333333335,0.5185416666666667
e5be51918a2de3de48d8079344ec241a,0.138,0.03,0.832,0.9995,0.12383990507484484,0.47041036440132855
477718342b6ed69d21d552ac7a6e7e90,0.152,0.093,0.755,0.9215,0.0938271604938272,0.5200617283950616
2c0107c30462cc2368458bbcb5b5a15a,0.078,0.14,0.782,-0.9991,0.1646048999309869,0.4395583160800553
f7351e6fe72772857ab5ed299eabe959,0.199,0.025,0.777,0.9819,0.03269230769230769,0.47445054945054943
d8cfda6182e8ab88ac88307aee6afae3,0.047,0.045,0.908,-0.92,0.004431818181818188,0.4270941558441559
366926b4ff6d012ce4377adb7bdf552a,0.044,0.196,0.759,-0.998,0.025617283950617305,0.5608024691358025
1ca2accafaf50b9cbd9460a253209450,0.081,0.045,0.875,0.9541,0.09992193598750976,0.4307181889149103
796afdec245e5ba404a1a45edb99ab46,0.017,0.0,0.983,0.836,0.09998815446576637,0.309482350153992
68c4e731d02c3d9ac1c3a22795d93d33,0.135,0.034,0.83,0.948,0.06732804232804232,0.4404761904761906
eca1efbdb4700c7a6e01103087add15d,0.134,0.097,0.769,0.9975,0.12250241492151387,0.5327271262296648
4bf54b9d4f14cbbf8d2dbace13d2e4d8,0.15,0.014,0.837,0.9999,0.079640640484014,0.40786457518385233
48bcc8e22e8bb796e0e3e6ca05e05d7d,0.091,0.0,0.909,0.9806,0.10464015151515153,0.38506944444444446
28c13439c410b08802f95860fff62abd,0.0,0.0,1.0,0.0,-0.4000000000000001,0.6
46014d346b1c9f00c46b64b9250615bb,0.117,0.0,0.883,0.9926,0.289045864045864,0.5249999999999999
6bc81a0f7c73eaf8e5449e6191563860,0.123,0.069,0.808,0.9814,0.13206246134817567,0.4295732838589982
fa4d8358b4ac8f7da842afe61dcf198b,0.062,0.107,0.831,-0.984,-0.023544536271809,0.38539026629935724
fa8feb82fe55d3643aa8176a91bc6d1b,0.19,0.086,0.724,0.9978,0.08887249114521845,0.470138615593161
c89a72a2d55b8af448dafd92dd00cebb,0.204,0.066,0.73,0.9997,0.14932319759859866,0.46467858938447176
d44edbe036eb776a60e00f8295be0d79,0.114,0.131,0.755,-0.8369,0.07479053442028985,0.5080917874396135
e4b24de1ceb32b603bf830967835bfd1,0.015,0.0,0.985,0.1531,-0.22417582417582416,0.471978021978022
e708a431acde7d7fa8e233de8e108354,0.135,0.071,0.794,0.9992,0.1181570810142239,0.5046279117707688
6c577b8670fc96357373e11d9c708ec7,0.085,0.001,0.914,0.9988,0.15542929292929294,0.22113395863395852
5e224a855d174e8576d2b69be1d1e6b8,0.041,0.039,0.92,-0.3182,-0.03138888888888888,0.3708333333333334
0597f7a2a2cca299dd5323ddc35ddcbc,0.249,0.044,0.706,0.9998,0.17962147887323945,0.5035211267605634
f04c8b7673eddcb936d47d657d62174a,0.033,0.022,0.944,0.504,-0.0627450980392157,0.4745098039215687
18fa9ed56d35b75abab9d9c5c0c8ba5c,0.147,0.037,0.816,0.9999,0.13102705627705627,0.47152455106621843
79992d3c060de251437c2337e6be72f9,0.154,0.032,0.814,0.9765,0.14382716049382716,0.591358024691358
ee637dbc0358247d32f25b250fa4133c,0.013,0.152,0.835,-0.981,0.13392857142857142,0.25892857142857145
996267911211330cad6f6d39294ce400,0.206,0.086,0.708,0.9995,0.13479123533471354,0.5741632160110421
f89c96fcd04417008bcf0bf1f53cc93b,0.31,0.041,0.649,0.9953,0.08275401069518716,0.3177601809954752
5d8acda5e64eccbe3ba8d65babc75a2e,0.02,0.0,0.98,0.7418,0.11923076923076922,0.17307692307692307
14f0000720f6cfd156ed59c532cb3623,0.0,0.0,1.0,0.0,0.04,0.35
6ff8cf7eadb087a7c1467ab05dc83feb,0.29,0.054,0.656,0.9991,0.22408392434988178,0.5
29610164e1b9cfe7c140797fe07a231b,0.015,0.0,0.985,0.6808,0.028571428571428574,0.33214285714285713
967a3656d4a3807c87cde84a46a053a8,0.253,0.06,0.686,0.9961,0.17326388888888886,0.5112847222222222
e0182f2c1387ded1d436d045d1e67b99,0.013,0.028,0.96,-0.9153,-0.005448717948717948,0.3590659340659341
8edf4534485c5def3881361314022b47,0.027,0.0,0.973,0.7717,0.006999999999999999,0.5029999999999998
0110b494ea09562cb12176fdc633da49,0.156,0.006,0.838,0.9997,0.24591334591334596,0.5303687053687056
a5d659995d90b7cc2731ccedfe7f20af,0.019,0.007,0.974,0.7269,0.0493073593073593,0.35597402597402605
ab35aa163cf049d5814f238f119bcc68,0.171,0.043,0.786,0.9997,0.04996045923993521,0.5498445150191881
ca4ca3aece815609a882981332fe67e1,0.023,0.002,0.974,0.9186,0.12684094256259215,0.297115856651939
786d171d9bc425f14e1c49272a5b7408,0.01,0.005,0.985,0.34,0.14666666666666664,0.25777777777777766
1e2c7617e5f4ca8cdc77dc9e116802a7,0.011,0.0,0.989,0.8541,0.12532781228433407,0.29465148378191847
1b7e40fe36df9b748cc24f899ad84cc9,0.152,0.032,0.815,0.9765,0.13397435897435897,0.5852564102564103
728800ce0236535358a46f9a32b797af,0.038,0.061,0.901,-0.7717,-0.004761904761904763,0.3531746031746032
22cf5207109140c436b99b8e13e1d755,0.048,0.024,0.928,0.9488,0.12818181818181817,0.5055134680134681
b4d8745e09eeb08e3fe8bd13f24255f2,0.011,0.231,0.758,-0.9946,0.125,0.3526785714285714
b5cc9f508af4323185a0139068d4f681,0.174,0.059,0.767,0.9989,0.17016445753559153,0.4434783429628791
319b18854df79022cbb13c8f1ac21f9d,0.088,0.065,0.847,0.4215,0.021703521703521706,0.42850122850122846
84c03ab2d4c42072fa6699521c69dc48,0.078,0.127,0.795,-0.6124,0.14583333333333334,0.3919871794871795
c16b3ab31845aa7e7379d20bef90164b,0.074,0.063,0.862,0.942,0.06953546453546453,0.39182761682761685
e400981d64cda9c99043b509c187d07b,0.16,0.057,0.783,0.9997,0.05159216885407364,0.4569018797193398
0624ed5cae14ea1d881bb84e17d8b2ab,0.016,0.0,0.984,0.5106,0.03650793650793651,0.2712301587301587
03bcb801e53f729ba53cebe4ffc32f4b,0.12,0.012,0.868,0.9978,0.06823779668607254,0.3992778772951187
41422ba8a5d52d7ace05ed11ce5144d8,0.019,0.0,0.981,0.5775,-0.10108695652173914,0.391304347826087
a7e2c4c9375eaac3f3add9e770e5b2f9,0.143,0.008,0.849,0.9992,0.31051167824423637,0.6331529581529582
9b71f6704cae5c892825250768aedaca,0.114,0.017,0.87,0.9939,0.1277294685990338,0.6418357487922706
af5a9624c6a83ad5fcb203df77767389,0.175,0.013,0.812,0.9968,0.26613095238095236,0.5169642857142858
d9b301c24290739bcf7b8cf1959113df,0.061,0.033,0.907,0.8979,0.12907925407925408,0.5701146076146075
0a3764e9f036c05aced6ce4add89e0a4,0.062,0.0,0.938,0.8074,0.125,0.16666666666666666
4249fbc2f539a88b59b2919c2f859a4f,0.245,0.064,0.692,0.9951,0.0964285714285714,0.39188311688311683
5a0fe9a048360e1066f23758f921ad07,0.05,0.025,0.925,0.6597,0.013157894736842108,0.37543859649122807
95f313ed4679ef63d2b34bbc36e70b42,0.052,0.015,0.933,0.9493,0.13472222222222222,0.5913194444444444
72cbbbcfb711aff25544d9092c135f58,0.087,0.077,0.836,-0.3372,-0.023277173277173276,0.44297999297999296
7bfc5f074514eaab843c86889af18cf9,0.014,0.0,0.986,0.5106,0.09329805996472663,0.2908289241622575
f4015286195ceb1b08989e7205345d2d,0.03,0.025,0.944,-0.0516,0.0625,0.3958333333333333
cafc1a74ec1797380fd41ca062378733,0.037,0.04,0.923,-0.4215,-0.016975308641975308,0.4077160493827161
5b125672e4ad936c684576d3782c3e1f,0.082,0.135,0.783,-0.9991,-0.01800531644281646,0.4702035002035003
c37a62b0c0d2f1d87fefd7f2da20e5b3,0.098,0.036,0.866,0.9927,0.09406783468104225,0.5219923629829292
fbc28e054a462e8762a20a6fc94273e2,0.117,0.159,0.724,-0.9438,-0.08511904761904762,0.6907738095238093
e71ffa3239b7c8c8995ef167fd4f5a63,0.031,0.036,0.933,0.0516,-0.0710227272727273,0.46950757575757573
a01fbfc0a841cebabe27307acbcb4e4d,0.163,0.053,0.783,0.9989,0.10340668590668585,0.31648856434570716
47e148b9548b2c845dac2f1d04fbdcb2,0.058,0.041,0.901,0.9792,0.10714555052790345,0.5252105329311211
065f71e17c7193509590989e2c7ace84,0.166,0.147,0.688,0.9961,0.06746405380333949,0.46807745825602975
e8efc69df669e41c85b76c310fcaf12c,0.203,0.0,0.797,0.9716,0.43499999999999994,0.33999999999999997
851a4541cd247c724041ca23d1f65239,0.117,0.035,0.848,0.9429,0.15064393939393939,0.4264733877233877
4808b30a7aed2cb91370c2e62923542b,0.102,0.038,0.86,0.9934,0.09067541302235184,0.48562439261418866
e60b90546de6437538f50595996b3dc2,0.225,0.087,0.688,0.9906,0.0611111111111111,0.4677777777777778
518305bc3360b244778f1077751d5dfd,0.04,0.038,0.922,0.0247,0.06053398356029934,0.5062446325604221
83529ffadfe2af24993fbcc8f12c4f6c,0.0,0.0,1.0,0.0,0.0,0.13921568627450984
522b559399816aa9ffce9db579dd47ab,0.0,0.0,1.0,0.0,0.0,0.16612903225806439
b4108ca5b59aaa3502712b14c276805e,0.142,0.0,0.858,0.9975,0.2564814814814815,0.5435185185185184
1bae3aec1571851b7614bdaf7fcbc54a,0.038,0.024,0.938,0.8715,0.022585470085470072,0.43427350427350425
63c35cdef3278ba561c5b53ec9b45b7b,0.077,0.021,0.902,0.9989,0.06357881754455359,0.4625141553314141
b8dceb7931cdcc044fc93924a020801b,0.503,0.028,0.47,0.9941,0.5979166666666667,0.6625
672d6440b13e6482fb626327bfb608ed,0.04,0.052,0.908,-0.8761,0.03261776982707214,0.44833035181872394
126db25f56fe9b1ed1efd2cd5c6c0603,0.023,0.019,0.958,-0.129,0.16938775510204082,0.3408163265306122
2184cefb77c999dede399123fe90da98,0.088,0.003,0.908,0.9876,0.19056022408963585,0.40100140056022415
2424991ea0a805d9ff82eb8886c372ae,0.097,0.0,0.903,0.5472,0.0,0.0
d992e10ba8a968a4a88deefc911ddddb,0.055,0.009,0.936,0.9956,0.3275401069518717,0.42635918003565065
39524fdf98db4e396170dba29a809583,0.069,0.071,0.86,0.0258,0.18383838383838377,0.5879797979797977
81b3d08b8e7a0bdaea81c9649b6aec6a,0.06,0.02,0.92,0.9938,0.07167249417249416,0.46419036519036505
731ad41a59c3d27c4910e11d4cc52771,0.099,0.004,0.897,0.9927,0.13510416666666664,0.5155208333333332
29ce022353904665e4edfb51cac9e328,0.099,0.07,0.83,0.9854,0.07961956521739133,0.43261300897170446
a3487bf32bf01052cf4eee3d46e0cba0,0.094,0.023,0.883,0.9984,0.15660774410774408,0.474911616161616
98b88058c0e21dd2406b51108847edbb,0.039,0.0,0.961,0.68,0.27499999999999997,0.5490196078431372
978880f356c27a38c004f8eb94107f4e,0.053,0.033,0.914,0.9448,-0.05249811463046758,0.3663932880844647
f741a42c8a06f1032ba2d1582089d6c9,0.057,0.101,0.842,-0.9598,-0.047594451003541906,0.5447789584153221
5e99de6c81d415b6ef51da844adfc5b4,0.081,0.0,0.919,0.9931,0.12332415059687786,0.34786501377410467
d2b9df9784975db85f8fa30106536f4c,0.229,0.053,0.719,0.9993,0.20721386800334174,0.546489835700362
ac6ba44273f835611073cc658141a47c,0.091,0.018,0.891,0.9982,0.13516324944896368,0.430520669806384
0c587b0a3fa037f04d0799e152af49c9,0.037,0.009,0.954,0.9937,-0.003977272727272729,0.4901515151515152
db50ee7eec1883d6628f85418a268246,0.255,0.0,0.745,0.9944,0.3151725589225589,0.3381734006734007
93da9b2f004431dd1268d6806a4374d2,0.168,0.049,0.782,0.9788,0.1056818181818182,0.5385101010101011
3efb673fe1e5a3818bdf46c404b13d9d,0.091,0.033,0.876,0.4215,0.16666666666666666,0.5
b8c027de0cb5397cfb58a87d95104d2d,0.194,0.019,0.787,0.9993,0.22985553772070627,0.5069823434991975
169051455b0b4d81b27dd3dc04bf706c,0.086,0.01,0.905,0.9815,0.08511278195488725,0.41711152882205527
7ee84adfc22550db0e14b207524f250b,0.13,0.091,0.779,0.9573,0.1322192513368984,0.457397504456328
283d8f5b6698f3733f9a2d8217f240e1,0.216,0.092,0.693,0.9609,0.20170454545454544,0.6717171717171718
b6581731849d466d4dfa8004736100c1,0.066,0.046,0.889,0.8992,-0.04104437229437229,0.4613005050505052
bb6ef322988ade15d212bbb65131df24,0.224,0.011,0.765,0.9967,0.3843749999999999,0.7390625
e3c34cc696db5431214ff7c8101aa56f,0.176,0.029,0.795,0.9987,0.06090264748801334,0.4585470085470087
c711aa676e3402193caec48535904dd3,0.03,0.006,0.963,0.9816,0.053869047619047615,0.39424603174603173
5d203a8c1d72fe1390322d4e3769d575,0.087,0.0,0.913,0.9801,0.16954545454545453,0.33515151515151514
c11ce47c421f4ea20347ea6732807fb1,0.059,0.036,0.905,0.9888,0.09728794642857144,0.4608581349206348
4534b24db08de6b7c3f994e55cc1d3a4,0.053,0.0,0.947,0.7377,0.19722222222222222,0.3919753086419753
dca3e1b5b3eecbad1ebe15a3e88cdb08,0.049,0.205,0.747,-0.9985,0.033973429951690844,0.3345048309178743
4ebcffd0b1192a89b1af281e88aa8b3d,0.096,0.091,0.813,0.9933,0.05644623185406224,0.4664713598889779
0121ba102eeaa488714d78fa20e5f13b,0.066,0.011,0.922,0.9442,0.15166666666666667,0.27416666666666667
e352d08d2bea6e51750de45e8daf6df9,0.189,0.034,0.777,0.9947,0.17679029304029303,0.4571971916971917
7205065699416a3378ef3da1b43feade,0.221,0.036,0.743,0.9996,0.17505484663914897,0.5708954159535558
496925dbc639f63f5473d21a509e427d,0.093,0.064,0.843,0.802,-0.14120370370370366,0.46111111111111125
05ab5d074b99d5027879c95c8ac1303b,0.106,0.025,0.869,0.9423,0.09509803921568627,0.4112745098039216
6dda3e0a7c311a508418769411c5a285,0.155,0.015,0.83,0.999,0.09294733044733047,0.3974787558120891
2f8aafb47883f69ad2358b505b1e4ec0,0.026,0.0,0.974,0.0772,-0.25,0.3125
de04cf643351236af03edf57fa1f53fd,0.033,0.033,0.934,-0.3818,-0.055952380952380955,0.5309523809523811
cc3c2da8705adb47d41af298bd125110,0.323,0.0,0.677,0.9937,0.32023809523809527,0.46249999999999997
6e6a0ce1be707301c0f4ad8f32185b2d,0.059,0.005,0.935,0.9493,0.17233044733044733,0.4773448773448774
61d779a997d64156219a0ec63889ff6a,0.118,0.026,0.856,0.9991,0.12467129422301833,0.4996142554763246
91a214169e65161f91f865ef70a5b9e7,0.19,0.0,0.81,0.9092,0.20714285714285713,0.5357142857142857
5de169b52b617375d3651137735e6444,0.014,0.018,0.969,-0.128,0.06944444444444445,0.22569444444444445
44abdef3bcb0a6ee009da7297a548429,0.019,0.036,0.945,-0.746,0.06553308823529412,0.2757321110262287
3dc2e14b9ee0292c671c0ea8a0bd3084,0.162,0.0,0.838,0.9993,0.19362203112203114,0.609971334971335
28b316f8de90bad681623c1a7e2cb2ff,0.179,0.1,0.722,0.6562,0.29642857142857143,0.5440476190476191
23384d462b99682a2a97bc5013147c76,0.196,0.025,0.779,0.9988,0.2259779420141263,0.5924498746867168
ac159c542c40f52d8d1fdbae51042505,0.059,0.046,0.895,0.1027,-0.03181818181818181,0.5893939393939394
0e542ea91fa69e6278acb7195b7a2c0e,0.067,0.082,0.851,-0.872,0.050617020110691,0.5047063836304341
0fa890ff0adb872d0a6aff9e5cddebeb,0.073,0.085,0.842,-0.7408,-0.0005572130572130482,0.5223704223704225
4449dc602959f7ccc62ddee237c39935,0.089,0.237,0.673,-0.9968,-0.1109375,0.41781994047619037
e7f31b82c679a39886cede2de3e70835,0.115,0.003,0.882,0.9993,0.252348066298342,0.5724217311233895
ce28eb3ac97a9bf016049edfc8815f17,0.133,0.094,0.772,0.9686,0.13945771490414346,0.5896464646464648
33a583216bac33391bca249036baff02,0.066,0.116,0.818,-0.9866,0.07810457516339869,0.5410550887021475
aa35a99b87380c3e56edd5440e0709fd,0.106,0.0,0.894,0.807,0.2785714285714286,0.5761904761904761
88c313d04277c6f3e741d9b3b1ebe0c1,0.238,0.033,0.729,0.9855,0.40019841269841266,0.6224206349206348
1169cd04a76d5e9ab424ca5dce3ebfbf,0.013,0.06,0.926,-0.743,-0.035714285714285705,0.3761904761904762
ae5e3349acc22573acfb84cc15ae153a,0.161,0.049,0.79,0.9981,0.09582656926406928,0.46026785714285723
1cedc561f6fe55228b5fcbe475a9ac42,0.188,0.105,0.707,0.5994,0.25,0.60625
e2836e8e69b6c17bf3f84530f6ee6a56,0.094,0.028,0.877,0.9854,0.1960915977961433,0.477683743024652
542712f25c01812584a09513aa667dcd,0.019,0.0,0.981,0.2235,0.020000000000000004,0.25888888888888884
651a660b57dd2eb3c98a4680479e6523,0.1,0.093,0.807,0.996,0.05657858298164417,0.47009117394321476
9b50b419abf2bf9f10519dce2cc6b71c,0.201,0.017,0.782,0.9887,0.17568027210884354,0.5326530612244899
f5cc45e0648d0e82bfc1f867c26c7835,0.002,0.0,0.998,0.2732,-0.00959302325581396,0.28570736434108635
44ccf0635c9be74822bc028b2d832671,0.047,0.003,0.95,0.9961,0.21781439393939397,0.4245966810966811
f73baad160ca9c524230fa0fb57dca8d,0.112,0.021,0.866,0.9957,0.10654271446406281,0.4341207419297307
c9e925e5a805a846273def9840501c73,0.305,0.009,0.685,0.9994,0.22814646464646465,0.6174646464646465
d8585ef8794623191412fc5aff5e6f66,0.09,0.035,0.875,0.9959,0.15261968423733124,0.43265851795263577
4334f8f5cc394aa0f2db447dc0ab53ce,0.098,0.135,0.767,-0.9725,0.002508391367087002,0.5179426250078424
a20101f0c7fb5435a0d7b9a51c1f1d1d,0.124,0.046,0.83,0.9995,0.2183712121212122,0.5241152597402597
336a5562c9811a6e0f06010b512ffba0,0.136,0.13,0.734,0.9637,0.04377875392581274,0.5680642560054325
447c6d7aa9bfa372015244fc64d48b3c,0.065,0.0,0.935,0.9565,0.15882352941176472,0.475
db5f854c331810b6e7e690564790a3cf,0.098,0.038,0.864,0.9887,0.0826860119047619,0.46108878968253975
ee1ffd78ab443d9866dc5adb25f49231,0.0,0.0,1.0,0.0,0.0,0.13333333333333333
e4939fb9c6b8c1f22ae7f2442a8d8a03,0.049,0.031,0.92,0.8957,-0.013235294117647057,0.4323529411764705
fc9b20c801aa63ac2307abba7e2c59e7,0.076,0.031,0.893,0.9563,0.11383200133200133,0.5333014208014207
514151aec246f6cf51fb308cbd694454,0.367,0.041,0.592,0.9898,0.45535714285714285,0.7035714285714285
6bb829facb3a361e23cde8450d369106,0.138,0.023,0.838,0.9984,0.13238617037724185,0.49730229591836744
d77d1e42269461b25731a8f251b6c7a1,0.207,0.018,0.775,1.0,0.23321080705009276,0.4827108303638917
ecc590df57d03efd1a9ecf336982ce8b,0.004,0.0,0.996,0.0772,0.08333333333333333,0.19444444444444442
1b63ecea8a414c1c5a74480edf3a594f,0.035,0.026,0.94,0.8555,0.07727272727272727,0.44999999999999996
d15c2c8b0113b93c6f88e9a81daaa46b,0.131,0.065,0.804,0.993,0.074647266313933,0.41977112393779054
2b6951f2364310d78d1663e0c24f6037,0.108,0.116,0.776,-0.9004,0.09671502976190476,0.3848325892857143
c212706b954f7a9651744bad7865a427,0.16,0.058,0.782,0.9705,0.12345041322314045,0.6107438016528925
2c266c0175f66721e78806c99646e94c,0.005,0.0,0.995,0.0772,0.06875,0.17291666666666666
13e22702e823a40ff176f1116496c1f7,0.065,0.0,0.935,0.5023,0.05000000000000001,0.43333333333333335
b9e6cc41382401fbcf7d259a120c98e4,0.31,0.042,0.648,0.9996,0.41977987786023513,0.6250056689342405
51d647facc6c89e276610664cb9d05ca,0.092,0.017,0.891,0.8126,0.16654040404040404,0.7262626262626263
43db8ead4e0b10906523df608b430212,0.091,0.119,0.79,-0.9609,0.0959750566893424,0.36419123204837484
9aaa93a4b7267776f1d2b92ade590ad8,0.081,0.0,0.919,0.9816,0.13917748917748915,0.33564213564213574
86b2c17815cd574bbaa4232e252c9ef3,0.049,0.062,0.89,-0.9803,0.05988393790117929,0.398518435587401
a8f5f79e580115f5b45b212e10374b25,0.177,0.032,0.791,0.9996,0.09120413567015506,0.5128579834405077
a7f59311080b1ce79fca78d51f00b6d9,0.023,0.0,0.977,0.936,0.06638655462184871,0.39873949579831924
ce20e91f5c84fa887a32f9d855f2f0d8,0.092,0.08,0.828,0.6315,0.09212473572938687,0.40208841546050844
7c907990b68e8631985cb6d2dd26f3ed,0.092,0.0,0.908,0.7319,0.24666666666666665,0.52
f273b15e49e7e1993f9fddb18239f054,0.157,0.028,0.816,0.9981,0.2439267399267399,0.4488684136376445
cbc95e553c985e3fd18daeba76461b46,0.124,0.039,0.838,0.9969,0.12832021086258377,0.5213893310079751
4b2eb7cd4239845bdbd03ddcd6cef759,0.081,0.0,0.919,0.8825,0.07916666666666666,0.48869047619047623
72ad66113eb1c73c3d8806aeec893837,0.375,0.056,0.569,0.9992,0.26602182539682534,0.6312500000000002
f866c802dc703f81ddb5463a400b4c2e,0.122,0.014,0.864,0.9987,0.23974116161616166,0.4507575757575759
0346d8cc8549af3c830c734f24e7ca75,0.105,0.029,0.866,0.9693,0.02569491911597175,0.5448393711551607
082c3553c3c0a583ddb2e6e96bb64213,0.064,0.098,0.838,-0.9803,0.07263630089717046,0.32225672877846795
c3da3fd878f3b4eca15defa6b3648ec2,0.037,0.05,0.913,-0.9746,0.03499378881987579,0.45434886128364366
3cc89681715e3c89b5754fb161538608,0.116,0.013,0.871,0.9969,-0.05367564534231201,0.4361531986531984
0655878a426b9df8a87b7ac0aec0f372,0.114,0.044,0.841,0.9974,0.13005617977528094,0.5273624315759147
36f6d22508c3ecabf0de7f0352280772,0.209,0.0,0.791,0.9916,0.15069444444444446,0.6291666666666667
8b9e5803d1f8efaf4c32fe86e33e6294,0.035,0.005,0.959,0.9136,0.07949039264828739,0.3701336675020885
b8527ad155b251835784f4e010480d1e,0.0,0.08,0.92,-0.5546,-0.32142857142857145,0.6984126984126985
d3534e0e75b52a652f3b7c510f92ff74,0.129,0.035,0.836,0.9965,0.07734068257324073,0.3763515554213228
a537a576542a02e1194be483e8fd8f02,0.011,0.0,0.989,0.6808,0.066750208855472,0.3243525480367585
1b5bd769eab7f58dbc69496415f4fef3,0.0,0.015,0.985,-0.5267,0.0,0.16666666666666666
6102e699e94f4b8defc36d11dafea340,0.031,0.09,0.879,-0.9904,0.013595779220779218,0.4071890119684238
db391fcdb396b564add22d7c7e36ceef,0.131,0.0,0.869,0.9748,0.023611111111111114,0.5583333333333335
c66c8a055e9a2a176a0a93b0ec273fcb,0.258,0.008,0.734,0.9991,0.09878787878787879,0.5867575757575757
cd12f46dfd80870786edb8c6c103dd03,0.13,0.039,0.832,0.9829,-0.10732323232323233,0.43569504569504575
7a055439330d5a7ab915e12a3c0d7afa,0.28,0.034,0.686,0.9991,0.14877450980392157,0.5387820512820514
24a4c5d20c8a75491ade7a078a003dce,0.09,0.007,0.903,0.9849,0.0835548172757475,0.2637873754152823
62e1d32f19a898db0843d0a74b80426b,0.377,0.023,0.599,0.9972,0.11400432900432901,0.5664069264069265
e9ca6485b4b6453075b4f7f54965a51a,0.009,0.0,0.991,0.4939,0.17061688311688308,0.4398538961038962
dfc4d402154e1bbe9158271373c9c6dd,0.098,0.021,0.881,0.9932,0.052687590187590186,0.44672619047619044
82e661f540ccb1de15989f4bd8ed3ea6,0.065,0.01,0.924,0.9838,0.08833348364598363,0.24451659451659455
1cb66ce9fe8f57bd7d79f26ad375d14f,0.056,0.009,0.935,0.9813,0.07456938693351735,0.2518403496664366
cdb9fb95864f054895cfc5ec2cce2662,0.119,0.01,0.871,0.9958,0.09782910954785955,0.32314413981080653
00ae94d83f8c12f37438e360ba86c9a0,0.135,0.033,0.832,0.9934,0.2069844789356985,0.42754988913525505
3f7f3051e219e3ee99100ece70c74fcb,0.056,0.091,0.853,-0.9657,0.009263689526847422,0.2971895064000327
5ca8e25def527a880b4b66578300fcaf,0.211,0.006,0.783,0.9985,0.1831699346405229,0.4459150326797385
1826623a5ae7666fe4f585a72b5736d8,0.054,0.01,0.936,0.9731,0.07326614357864357,0.2398027898027898
213b66f7e4aef31ff62ef2f048cfa801,0.133,0.01,0.857,0.9948,0.1807418205377389,0.3254292193067703
213fd462ad049550c12534a360b27b91,0.112,0.012,0.876,0.988,0.13830357142857141,0.2885119047619048
9fbe49d4c0a2dbc51dbb2ab68c36c8b6,0.066,0.013,0.922,0.9413,0.11927083333333334,0.19374999999999998
23d54df7bf719ff0f689405dff70728e,0.14,0.019,0.84,0.9925,0.18185341789992954,0.36851656095842145
72f326740af0ef5ec9c919e803d0d7f5,0.077,0.0,0.923,0.8253,0.095,0.41500000000000004
1833193a3b83c646606186dbd599e237,0.116,0.016,0.868,0.9931,0.0781052687150248,0.448502270087636
530530658898179e38d02321c6313c74,0.192,0.096,0.712,0.9862,0.0851851851851852,0.40450752950752955
0fcdee5403fbc2ec46e98805046c36c2,0.114,0.006,0.879,0.9869,0.12485667485667488,0.31216216216216214
0e40597caac016ea0a9565a99fc16bfb,0.165,0.033,0.801,0.9991,0.0641041162227603,0.439808261418431
a80f01bf3f6b58160070957dc4a597b9,0.076,0.037,0.887,0.9965,0.08926526229675838,0.4455311311610524
c212b3b456736942ec4dcd03fc1044dd,0.053,0.087,0.86,-0.5719,0.0625,0.5148809523809524
7da8728e28acba463154fa56b603b602,0.151,0.056,0.793,0.9985,0.09113170584689573,0.41315551537070533
5c447bf9f3058cae1f259fad0f537375,0.059,0.002,0.939,0.9939,-0.03889284023268399,0.3364227994227994
b8add1cffaa52dab66f587493e4b5e04,0.167,0.112,0.722,0.4646,0.14583333333333334,0.5479166666666667
7f9aef84643c9181615201ffd99accbd,0.204,0.143,0.653,0.9947,0.11741618310767249,0.4588560375794418
f38675c24c5fc68d06c0297344268567,0.034,0.028,0.938,0.506,-0.09558823529411764,0.3805555555555556
9b16ed5b453c6e54d6f0e567a20b090a,0.098,0.092,0.809,0.9942,0.05960080094377612,0.4593892154677276
1e80f012a17a11d13e28df55c68055fc,0.07,0.02,0.91,0.9791,0.2886634199134199,0.7312590187590183
52f774972ef6339671e11ed1e305c4cd,0.013,0.023,0.964,-0.6249,0.07222222222222223,0.35000000000000003
cdecfca2917ebb2dcaeb03f8544f0526,0.126,0.053,0.82,0.9764,0.10945945945945945,0.3027027027027027
0d7e2f6ae176dd180c15b9e6a2944e20,0.051,0.014,0.935,0.9042,0.052614858260019555,0.43282013685239495
b5140a1e6cf4009079c9047586537fae,0.044,0.005,0.951,0.9939,0.0842045590165891,0.39045530492898906
8cfad3cdbc6af705dedaeac71ce9d221,0.136,0.03,0.834,0.9965,0.11995841995841994,0.4537768537768538
55ace67559e8e5a528da406270d26c53,0.32,0.039,0.641,0.9539,0.10833333333333335,0.35833333333333334
cb9773bf3913459f6a6f87e007b56c3d,0.13,0.0,0.87,0.7783,0.0,0.0
1b49d01c287833490660e3dda0a3bbad,0.075,0.01,0.915,0.9943,0.20496453900709216,0.45514184397163127
9489085bb00d3a0420b44e9ae5d6df3a,0.102,0.0,0.898,0.8126,-0.01428571428571429,0.5214285714285715
8d2bdcfd7e816cdf7855f019f0256d52,0.173,0.054,0.773,0.999,0.10786439665471927,0.37830645161290327
472a5cc7df6cff4d7463e57e65760d2e,0.335,0.009,0.656,0.9965,0.25192212301587297,0.6268353174603175
8817bdee60d88df85a3594072dccdc41,0.066,0.096,0.838,-0.9406,-0.04254489337822672,0.5764758698092032
2018f5a9253f8b4477ed422d9394d254,0.385,0.021,0.594,0.999,0.2971264367816092,0.48021346469622334
483f82b397f2ff07f2c6484a217686b0,0.029,0.134,0.837,-0.9991,0.07384259259259257,0.3488425925925926
ab966e886a801f4c45603586704ecaea,0.1,0.061,0.838,0.9896,0.07244210396649423,0.40332101502833206
42365f982ec1fa8eac7971df21d76717,0.352,0.045,0.603,0.9978,0.14828088578088577,0.44740996183303877
324576369560e1bdf848347c23ab660f,0.012,0.0,0.988,0.2023,0.125,0.16666666666666666
a9c1d9a5f85221d2dfa3bcee54cb1a80,0.056,0.02,0.925,0.4767,-0.016666666666666653,0.29444444444444445
e873e61fd0dc323f30ca4081639089d8,0.098,0.092,0.81,0.994,0.06034436357819439,0.4630253480626611
c8d6d76da75c0247cc4a3cfb32f65be3,0.204,0.031,0.765,1.0,0.19246336288829194,0.5495127519631764
7bd7d0748a70fc5e85bbd737fad62879,0.038,0.019,0.943,0.7636,0.17541666666666664,0.5105555555555557
5f691460bf99eeb1a38fb19e2931745a,0.227,0.044,0.73,0.9981,0.27877510221260215,0.5554623617123619
1f0b51bbe50a91c2d627cfba9218d97c,0.125,0.019,0.856,0.999,0.12559932659932665,0.533753727753728
1026359814d616ff2f73f9af26de29c8,0.024,0.005,0.971,0.964,-0.0003333333333333277,0.5568333333333334
99d4d9e084c67402eedc5110a325e9b6,0.074,0.028,0.897,0.9836,-0.04693877551020409,0.24349891604993634
fc5c5c89dee3d9d7d293bf8ebf56d481,0.123,0.059,0.818,0.9851,0.20027696793002908,0.5637414965986394
11706ff68e18384cbc17680f513bbeac,0.098,0.092,0.81,0.9939,0.06015477577977576,0.4626174694510784
9876e40f2985932d655ba9c8ea6d4c0b,0.132,0.087,0.782,0.9897,-0.03898538961038961,0.4966161616161616
cca049718c512a540239a492a7158e17,0.111,0.011,0.878,0.9871,0.15427489177489181,0.6124819624819626
128f7e1e6417e5a0d59cc29ab1dc2dbf,0.042,0.0,0.958,0.7684,0.05625,0.5342261904761905
28e49cfbf5cfd487f86fef28d8f3973a,0.058,0.016,0.926,0.9287,0.07037037037037036,0.5035714285714286
d666ddc72c383810dbf0202ccc8fe42f,0.148,0.021,0.83,0.9999,0.24907560101589954,0.6388650963464397
30da4013929273c58bbfff18878b2327,0.159,0.03,0.811,0.9997,0.20452601410934754,0.5674768518518516
0e214eff2ec3d9731689667ee61a22e7,0.058,0.017,0.925,0.9709,0.15987292277614856,0.39930642833868624
c2096fb50750d658a020c18179031046,0.014,0.015,0.971,-0.3736,-0.005620155038759683,0.38837209302325587
a41551b9081cb9772abd669d09f899e7,0.195,0.0,0.805,0.9965,0.3716919191919192,0.5641161616161617
f0cbacd641b486798e03dba7d8ddd3e7,0.098,0.092,0.81,0.9941,0.05900518295666321,0.4590805124152159
ea664d16d3a2d7e11e5d4d976bbd6d38,0.121,0.006,0.873,0.9997,0.14844974296536795,0.3889446941946941
30a8afbd4af6b1841f6a0678b7df791c,0.02,0.023,0.957,-0.8253,0.07105716253443528,0.2528925619834711
c6bde235753a2fd15fcca4b842545ec8,0.051,0.0,0.949,0.9549,0.07901515151515152,0.5403282828282826
18992b09eb022ae17559cc9fae3dd19d,0.209,0.108,0.683,0.9977,0.05478219696969698,0.6110361426767676
c081f9f1c3bbbe3b92c3a81ec5c949c5,0.102,0.007,0.891,0.9996,0.030039499107295725,0.41261923105143417
36ac5e1b543ba319e318d9475cced2a3,0.055,0.038,0.907,0.5994,0.05484189723320158,0.40514931927975395
64bee013e1118d84e64c2f40ae512f79,0.047,0.037,0.916,0.4137,0.10361111111111113,0.30878472222222225
5dbfdb996a7db70d40d1f8903dd8a2c9,0.082,0.0,0.918,0.9819,-0.013119658119658126,0.3186324786324786
4ac09aa7c40f998ff15d88f90f9daa6a,0.061,0.011,0.928,0.9632,0.04783625730994154,0.2219883040935672
b7c4af6cfdc86503126eab0f9b8211d2,0.06,0.02,0.92,0.9633,-0.010046296296296298,0.24240740740740743
990da7e32d03c0f06ef22737f9660764,0.046,0.034,0.92,0.2903,-0.011608187134502927,0.32327485380116955
2322980892ce2cfde8ed647f0272301b,0.147,0.166,0.687,-0.9941,0.03130871396177519,0.6041923118453731
6d1db1b0ca3a58ffa4a45f72961656b2,0.079,0.026,0.895,0.9835,0.09470819304152638,0.4607491582491583
934f67c6ef0dc81753a8812a0fa383eb,0.202,0.103,0.695,0.9999,0.1162994273223035,0.511432309373926
3d2918709b6b2cd9736263953be816dc,0.032,0.0,0.968,0.7783,0.07142857142857142,0.19642857142857142
51da0c14eaf7d93c12ebc2344b0744a2,0.11,0.078,0.812,0.9986,0.08323945953036865,0.451889980726344
a9ac0a6be5e0346fb9d6851fa9db014c,0.052,0.035,0.912,0.223,0.041212121212121214,0.4618181818181818
5fe8765256cda70b8220b280652ca961,0.093,0.091,0.816,-0.9369,0.06726252015957901,0.4265941770647651
012040047010c347708ebff4b7ac720d,0.222,0.004,0.774,0.9988,0.10719191919191921,0.33488888888888885
53dec1a0369d904e31769a9be1aa4815,0.098,0.0,0.902,0.6059,-0.16666666666666666,0.4000000000000001
d42f42aa4d85387d9cad5b868e9aac50,0.137,0.121,0.741,0.9643,0.09693878943878946,0.46012312312312326
0895ad38dc651ccef6263c5dd70688e5,0.136,0.006,0.857,0.9708,0.21372549019607845,0.5019607843137255
0cc9e2b7c3e2f517fef9742b68ae7aa3,0.059,0.042,0.9,0.8883,0.11176885130373505,0.4500822175240781
9aa6e1f44d3ed7431b16b22e784de80c,0.096,0.0,0.904,0.9118,0.0,0.32
646e1064c88b3e28ef386b63b0824374,0.165,0.013,0.822,0.9973,0.14856770833333335,0.4401909722222222
959d7fd471bc83d2dc31fda31cbe5f59,0.135,0.0,0.865,0.9652,0.20468750000000002,0.5431547619047619
a6d63995e77c31cde577a9af12c4cec0,0.0,0.0,1.0,0.0,0.0,0.125
0e94b8b971522de497517b2551ce6e94,0.087,0.062,0.85,0.9936,0.04454261385420806,0.4128458511429524
bae65117150e3a0b800b6f56f124e9a4,0.107,0.04,0.854,0.8172,0.45,0.6142857142857142
c79ed23cc389878de86fd8be2bfce874,0.105,0.086,0.809,0.9274,0.05234432234432235,0.5139795247487555
6d876a770685b16eaf4bbf69781bbb0b,0.264,0.142,0.594,0.9992,0.06905488486474402,0.6780829420970265
e6133c258e68a1a75a6989d1784dde47,0.266,0.116,0.618,0.9993,0.13084819409446274,0.5568935624905775
97b0db349dd0d986a6ac81e33713ed19,0.235,0.002,0.764,1.0,0.30567190226876084,0.5421426304934152
b8814bfe066d43e4f7ae4608d09ef534,0.092,0.092,0.815,0.472,0.22901515151515153,0.56
e7e2abee17a32cc815ac14a46c674c0a,0.084,0.0,0.916,0.9882,0.13709677419354838,0.37114695340501785
b7c30405bcd2979987e1485d69febf88,0.103,0.041,0.857,0.9928,0.04568733153638817,0.510294249775382
bf32d37439dfa28398b3fd1d9b2aeb2c,0.137,0.037,0.826,0.9997,0.09607033880471377,0.4497613035113032
84bfde93ab422db2028c6dd74d8807dd,0.014,0.0,0.986,0.5106,0.007142857142857141,0.41428571428571426
9fc6bdf8e39e84ff0c7ddec4d14de12a,0.218,0.155,0.627,0.9918,-0.03510645092612306,0.6188137818465688
21c5da36ffba12461a8cfcafe41830fd,0.116,0.031,0.852,0.91,0.15952380952380957,0.626530612244898
42929c811b3e86a31eaf4a6eddde6b7b,0.098,0.023,0.879,0.9959,0.15151515151515155,0.4808339808339808
e230b045727e6839042e5b45ca92ff01,0.151,0.0,0.849,0.9638,0.28710526315789475,0.5721052631578947
99c6a350f3a68e24f0b62466df47d354,0.17,0.007,0.823,0.9959,0.27676482873851294,0.5588450292397661
afe6636a261ed7aebf3cf120c4d44066,0.059,0.0,0.941,0.6908,0.16188888888888892,0.5286666666666667
c738b60789fb42de859731a9982153e4,0.097,0.093,0.81,0.9904,0.060679461927416085,0.4620364728016116
f3996062258bc5af7d61f34d2cd63499,0.113,0.0,0.887,0.9694,0.22547619047619052,0.5066666666666667
093a772f554a56cc60ef84d0df7a875e,0.0,0.08,0.92,-0.1531,0.20000000000000004,0.36666666666666664
422d5764ad016b04c9b679d063bd971a,0.111,0.0,0.889,0.9666,0.24307692307692308,0.5376923076923077
eefe96cb176fcc3fce4233b9a8018eb9,0.08,0.022,0.898,0.9974,0.0444713920617535,0.46612858359846304
d59da815178fcbd0426a6fb99b55adcf,0.114,0.063,0.823,0.9613,0.12021604938271609,0.47962962962962963
d052491a54cdc6b3c734f7352b559fc1,0.156,0.094,0.75,0.9926,-0.007276570048309176,0.5537957211870256
f5e7fc9868b08e035f074dba533ea58b,0.068,0.02,0.912,0.9981,0.1451098284431618,0.42837902837902825
8b9b0eee6a2c181cc93a9605b6c04974,0.111,0.054,0.836,0.9788,0.0320165945165945,0.5854256854256853
6a6a4a3594059ea4cfd1b705ae8afbd4,0.106,0.0,0.894,0.9648,0.23658456486042698,0.5097208538587849
850c77868fe742c5c0e327226db455f7,0.03,0.0,0.97,0.7579,0.4625,0.6284722222222222
467d386b8729b9ac8a7e718a28911529,0.073,0.021,0.906,0.91,0.4571428571428572,0.6305555555555555
90bb0f263039d7f0135b857f5f0b8ece,0.193,0.0,0.807,0.9883,0.46923076923076923,0.5826923076923077
b03d02fadf93bff8955bc197bbdd64cc,0.117,0.05,0.833,0.9945,0.05508615567439097,0.42364230540701137
0e6fe8c71684583eee62cfcdccdc7833,0.079,0.16,0.762,-0.9708,-0.02537878787878788,0.4912878787878788
a2b3ffde3a4721314e3808ce31ba4937,0.173,0.046,0.782,0.9996,-0.020454350805070236,0.42647881694644263
c79eea03dd6f5133261b8ec095833f6b,0.098,0.05,0.852,0.9846,0.07383032824780399,0.484283402681461
81652468f3b7babb3fc4d2d990267a41,0.091,0.158,0.751,-0.9806,0.04224310776942357,0.4536215538847118
9686faa796025b2d4d76124490d87dbc,0.138,0.109,0.752,0.9702,-0.04476114163614164,0.5374923687423687
0cf22ed4f4c4b4d026f7e91a72c19ab5,0.095,0.026,0.879,0.9993,0.11044949494949492,0.444098235098235
f5a1881f3a85cf566695a8ccdc4dae46,0.12,0.17,0.709,-0.9728,0.16941808191808194,0.5880640193140194
4b0259ceb7679e5338052bc33d10265f,0.188,0.013,0.799,0.995,0.25227272727272726,0.5295454545454545
e039e93f3b60c795f85bf36750219081,0.043,0.006,0.951,0.9403,0.09672222222222222,0.31327777777777777
da25fe32ebe278f2fb412f54603fe863,0.087,0.085,0.829,-0.5753,0.011319482314321765,0.4116795233308995
c85ee5b7a6f531b14d9690f0f6e2e164,0.265,0.028,0.707,0.9987,0.13338636363636364,0.43595454545454543
94ae8d0364af1eff607f57be1fb1cd9a,0.247,0.01,0.744,0.9998,0.23400354665414905,0.5845138128270659
77362f5a5d74bf0681c4815bb1fb1eff,0.0,0.0,1.0,0.0,0.0,0.27936507936507937
90c58698ab5c64940751ebd182842e25,0.0,0.0,1.0,0.0,0.4,0.5
03b438d0d9105f7cbf9207ba09de36d0,0.032,0.0,0.968,0.8126,0.11120082815734991,0.412815734989648
dde6a5b9f5dbdd771a8657ed2da475be,0.209,0.024,0.767,1.0,0.22076419213973786,0.48270966297167117
635600f491cec1cea9da001f172163b9,0.193,0.015,0.792,0.9988,0.13254117259552042,0.5619993412384716
4f8d37c0b4c6ce06072f02b56c2a7de6,0.151,0.0,0.849,0.9694,-0.025,0.45
459f21a996aa14cad1ab454ee6de9eac,0.115,0.011,0.875,0.9998,0.11389027639027634,0.4743712306212304
a28fa12d3d1088dd0d5a12a706e7db71,0.144,0.124,0.732,0.872,0.08715628507295177,0.33155162738496075
3048b39db5159c968c44c07e58a4c8b6,0.0,0.0,1.0,0.0,-0.3,0.4
ea67704decc61c88d8819ed85d3ff267,0.096,0.008,0.896,0.9992,0.047026668617577726,0.4605119908150209
5c91f0f84beebf09d15586747687b910,0.087,0.039,0.875,0.3716,0.025,0.42500000000000004
4486fcf02ad18721744bd952dac822af,0.135,0.122,0.744,-0.64,-0.017312590187590186,0.5791154401154401
53a78608ed35654a02a09bec072a5c9b,0.258,0.02,0.722,0.9999,0.2417377860235003,0.5455025530025531
ff18332abee06f1a654455f4889ae2f8,0.051,0.0,0.949,0.4939,0.0,0.18864468864468864
9b7c2d9279ab65f3e089195e9e949c26,0.117,0.044,0.839,0.9982,0.19349593495934966,0.48445121951219516
fd30981afed2fbf4ef2f94761b48ae9c,0.021,0.017,0.961,0.744,0.20351037851037854,0.44105616605616604
5ed037f221ffe9b83dc9b225f22f3dc5,0.15,0.0,0.85,0.9978,0.18571428571428572,0.40031328320802007
b157d72bcbd1b4b863c196619df90072,0.029,0.022,0.95,-0.2723,0.2421052631578947,0.35
1d0cab99eeb72a7de699df9317e69f79,0.087,0.022,0.891,0.8689,0.05925925925925927,0.47129629629629627
5528981a12d5e3ff2e457ba08a5d67c0,0.109,0.027,0.864,0.9955,0.08254914809960685,0.46777850589777203
93d47c884299f7875e5f25b286dc7f5a,0.155,0.0,0.845,0.9761,0.27762923351158647,0.5061497326203209
e57cc067075d7c207d883eab90adf76d,0.042,0.013,0.945,0.8241,0.16590909090909087,0.36818181818181817
dc5151879aba077219c9e26d9edff876,0.196,0.03,0.774,0.9999,0.19622947027527182,0.4097679674015553
2cdb441de54c12020c3430fd605889bf,0.023,0.0,0.977,0.9615,0.03333333333333333,0.39444444444444443
9a7d108aa6e619719d31eba25496dd8a,0.098,0.082,0.82,0.8414,0.02581713360015246,0.510201067276539
a6b5326e67405d4d83971d68a53a2d29,0.111,0.021,0.868,0.9863,0.09730639730639733,0.3679503367003367
75dc5e1c06ea0c639ac4d4fa27ce09d5,0.048,0.145,0.807,-0.9946,0.008953900709219859,0.2250253292806484
424c320bab2daed33d41c2b1f17ac606,0.033,0.096,0.872,-0.9789,0.052264492753623194,0.28827639751552797
7c59a226c9234de371e2e8d2c6bc87af,0.078,0.014,0.908,0.9982,0.11842698210880029,0.39909166086438813
1eecc4443964c868f36052fb4292d63e,0.112,0.111,0.777,-0.0938,-0.015979308390022675,0.49699546485260765
20e888547b495e6eb95c648bdfaa79d9,0.451,0.02,0.529,0.9989,0.44145680406549975,0.6057669866365518
a1da5fa95cec9ab67336784871dec1ef,0.067,0.0,0.933,0.0772,0.0,0.4
ee65bb4d1c5c81c9ad86963976234570,0.143,0.036,0.821,0.9544,0.10833333333333336,0.47187500000000004
522fcc588d3f940e79657ff68fc47dea,0.081,0.21,0.709,-0.9987,-0.05444149548627164,0.6277175974937169
d0c247f85cbcf96214c2901fc5b5df9d,0.055,0.025,0.92,0.9908,0.08210526315789472,0.43050960735171256
729c6f9cdae05efe6692209979f7b618,0.132,0.028,0.84,0.7003,0.2,0.2
7fe34a1026825e7cce139a0e70e0937a,0.087,0.064,0.849,0.9993,0.09975283387133096,0.4139831852476359
e850a3673c27423f2c07c226fc8423bf,0.155,0.021,0.825,0.9712,0.15458333333333335,0.42208333333333325
58134cde0cd2c99e62a3b75b82c73057,0.074,0.062,0.863,0.8076,0.09500270562770564,0.3966756854256855
ede2d53a4a7bbbd97792b794d0b736a1,0.099,0.114,0.787,-0.8384,0.04436026936026935,0.4354016354016353
0602bf159664ea95b942b04679075bcb,0.108,0.111,0.781,-0.8448,0.03517243033138988,0.4790957918125549
9c6d710e6d9b7e057eeaaa8f9b335980,0.029,0.011,0.961,0.5574,0.35,0.45
a85ebacce2dfde41695e1fab1cbe5dd9,0.102,0.044,0.854,0.9985,0.09322019757041781,0.32229262416487076
1ced00531a4d94e4a9f8b7f682013784,0.122,0.068,0.81,0.9938,0.12474398361495136,0.5621095750128009
2b505e6756daa751d31994f48476530a,0.095,0.163,0.743,-0.9979,0.000334163553341654,0.5080088556800884
5c18bfde6d031c901fccd18ce0ace20f,0.139,0.013,0.848,0.9571,0.12280701754385968,0.4473684210526316
67cfc9a36527bd8bf98334e89a25e164,0.119,0.035,0.847,0.9996,0.13761904761904764,0.4867693744164332
72a8b9fc7013d9cb0eec040e06d2bf9a,0.128,0.004,0.868,0.9992,0.2232897927689594,0.5064996693121695
48e555d1c59ff8ae5ca5c243f50f4da0,0.227,0.04,0.733,0.8805,0.4666666666666666,0.5583333333333333
8b9edf98b77af56d558b783e35494dba,0.056,0.103,0.84,-0.9846,-0.045685579196217484,0.5249408983451537
cb6ac23e0e0b10fac998bc4b54849ccd,0.182,0.0,0.818,0.8201,0.5777777777777778,0.7861111111111111
aa1920be31ff8ab6bcb8b873e6b272f1,0.081,0.053,0.866,0.9893,-0.008578623757195192,0.4051674515960232
cb26c72d207a20cb8780982081deee5d,0.132,0.003,0.866,0.9993,0.17724180581323437,0.4127087198515769
0a9d414ab6507f3817e922d9374e02bf,0.275,0.017,0.708,0.998,0.523968253968254,0.7901984126984126
0d772efdf3cd3364c43472f76e238ab0,0.0,0.0,1.0,0.0,0.0,0.0375
b5550f8ab131e479c6987394c881d419,0.143,0.008,0.849,0.9997,0.19115769496204277,0.48538072233724394
4e7f4fa9e0f315672ef72babc81ae6e5,0.172,0.056,0.772,0.9952,0.10702764976958526,0.4581029185867896
3c22bf780e17cefe2f603fba20de466f,0.101,0.065,0.834,0.9997,0.10456787902771282,0.4096031953580426
85bcf89cc1d57ca793bf50ee45d559d1,0.144,0.068,0.789,0.9991,0.08986419098663996,0.4883987592150855
20bdae3e51f80c4b13b600f13904968f,0.072,0.016,0.912,0.9863,0.039467120181405885,0.45294784580498865
3851bbeeaf3a8e74da778a4351f41b8d,0.116,0.078,0.806,0.9672,0.10716619981325864,0.27780112044817923
14b1fded75397766ffce28a22a961ddf,0.212,0.0,0.788,0.5848,-0.525,0.5
9df5c7d054acec3d29ac9a9e61a707fc,0.024,0.017,0.959,0.6402,0.07449100378787878,0.381155303030303
def9d1340341329b7927587288d420ee,0.218,0.083,0.699,0.9957,0.051917526917526914,0.5362646612646612
66ca7447b189b4aaa9d20e96cf30b773,0.119,0.0,0.881,0.5514,0.35,0.9
887e3871b77d64b6b12c123883daba94,0.278,0.093,0.63,0.9682,0.4176282051282051,0.7044871794871793
6e6ba7eed21e2af0023746f11921302b,0.15,0.021,0.829,0.9997,0.19586605626428627,0.49122323104623994
ae5f70b39bf320be2f212e4ee061b9af,0.035,0.029,0.936,0.2235,0.07122531939605109,0.3786004645760744
d7a192b9bdbde327fbf87b7e995ede05,0.045,0.061,0.893,-0.9658,0.13893939393939397,0.41834498834498834
d1b254dc8402472bb1dd496bf64d0970,0.229,0.058,0.714,0.9991,0.19542207792207794,0.4642748917748918
a41544de9fe5b9990ff12b35574c9e9d,0.147,0.136,0.717,0.8962,0.07061177248677249,0.4874309371184371
ec223249b6477e2abb897148c1d995b1,0.024,0.127,0.848,-0.9942,-0.012892603850050657,0.34298378926038503
69308190d38c50b5d5c84e1861f1cc04,0.035,0.021,0.944,0.6935,0.09849468713105076,0.7749513113149475
9d7171bbbd13567ea03bc78805c2094a,0.077,0.043,0.88,0.9943,0.1075084825084825,0.440824590824591
2cec5d82a10aa5667166d256e4760373,0.113,0.009,0.878,0.9678,0.1606060606060606,0.4671717171717172
33cf52f630ba16478c2c234fa3d60985,0.079,0.011,0.909,0.9959,0.07967261904761898,0.475633176347462
22b9ee0ffaa0a0ceb2cd9c11fe5e5083,0.0,0.32,0.68,-0.8957,0.0,0.1
e619320b8ec2f912a5bbd10279aa22fa,0.081,0.03,0.889,0.978,0.0670995670995671,0.39608585858585854
a39fcdd6f88a95a6630662162b22e13c,0.155,0.047,0.798,0.9999,0.12755417032552266,0.5192728633564936
5d52243e79cf0fee302abd160656f2b4,0.198,0.0,0.802,0.9933,0.21511904761904763,0.5885714285714285
6c9d4eb2875d0404f6a9ffdf87bd6f46,0.243,0.013,0.744,0.9988,0.14516594516594514,0.453968253968254
d6a1790cca04c7cc52bc2c2fa9c04ef1,0.061,0.073,0.866,-0.8554,0.03580246913580247,0.35699588477366256
6de637cc5885e8a9c6154abf7df5682d,0.031,0.0,0.969,0.5267,0.5,0.8888888888888888
d763cfff4482058c7b7db1be74a52b77,0.329,0.026,0.645,0.9999,0.41217956879721585,0.6746127238774295
aaf13106c361881b37febff44450dbc8,0.214,0.031,0.755,0.995,0.07557692307692308,0.5105952380952382
801a772fc82dd1b29f116c635186e60a,0.085,0.013,0.902,0.9833,0.15631313131313132,0.48686868686868695
e0be1a0ec460ae472a9761d98e87a035,0.099,0.017,0.883,0.9995,0.15901012588943614,0.4432353585112205
a6b37e2a249b11f3b1690d3020af7442,0.062,0.0,0.938,0.3939,0.5,0.5
ae5f1bba1cd14eb5957ea759990fff0f,0.094,0.064,0.842,0.9994,0.10147004764323199,0.4050853111816796
9040b52ab77c0c64a59c11b0ca164ea5,0.231,0.046,0.723,0.9922,0.2252857142857143,0.43070562770562776
5fa15e736f8bb62df2cadcec7eb28a94,0.19,0.012,0.798,0.9994,0.2120421245421246,0.49844322344322334
eb75819f1aae5a431ff67194f25fe1b4,0.142,0.021,0.837,0.9978,0.08934202059202057,0.5178356928356928
14c4a12fc2bcc37cded4dfdba25c49f2,0.0,0.0,1.0,0.0,0.5,0.5
bac3b581e4be11542d6c8248804f0323,0.096,0.005,0.899,0.9987,0.13294104308390026,0.443266439909297
6ad7ea9e092fc0813197e967d3e29cd7,0.145,0.024,0.831,0.9975,0.1839923469387755,0.40077838827838835
6d5b74c06a75199eb037d185f4e0e6a7,0.467,0.014,0.519,0.9995,0.44646164021164025,0.5185185185185185
576dd8afd09f4d4e979bb3cefe548445,0.047,0.004,0.949,0.9963,0.09520944741532981,0.3508653764536116
b7abc502d24318f29e0bd61806b0312e,0.031,0.02,0.949,0.4767,0.17500000000000002,0.5186507936507937
c9083a755c37e7d5b430febd709a278f,0.032,0.055,0.913,0.3859,-0.065,0.7702777777777778
2ee2a77fa14eaa1def7323b70867e5d3,0.076,0.072,0.851,-0.0772,-0.03217893217893217,0.5353174603174603
1af506a64a2764e120f1df66bf3f6b28,0.132,0.019,0.849,0.9999,0.1314042018587473,0.3743140697686153
d0dff5ad00f5147dc11ae0cae6df606f,0.163,0.069,0.768,0.9971,0.2620192307692308,0.430128205128205
ddbd75f2f756608fdf6bb5a442f0661f,0.054,0.022,0.924,0.9493,-0.016043083900226757,0.3477607709750567
010a7048dfbc2df97df479c0ef855633,0.136,0.16,0.705,-0.9618,0.07496617965367966,0.3651824366110081
47313243488f4dc822a0ce40cac2c123,0.123,0.048,0.828,0.9997,0.13516765965992772,0.4395506017464782
6fe004b49be1352c37097ac47f29c5b5,0.031,0.016,0.953,0.5267,0.08636363636363636,0.28484848484848485
282165b1e8c2fd8393573addd2a41d86,0.13,0.01,0.859,0.9549,0.14200680272108843,0.5569727891156463
9742a073fccb0a40e936c51d1fd6920a,0.174,0.008,0.817,0.9991,-0.18704451926674165,0.6701533857089408
7d054928632e27fa839dd1542b34c9ac,0.03,0.001,0.969,0.9847,0.09324874686716791,0.45940893901420227
3f2efd7154fba7e944f5449e5d8b21dd,0.102,0.047,0.851,0.9987,0.14137503313013525,0.4214114321053096
a0d76a5622c788291f720b5f5437981f,0.149,0.018,0.834,0.9999,0.1363329667075594,0.37441786407584454
4133ad98c40d7f840816f65dbef41ef8,0.132,0.0,0.868,0.9953,-0.2666666666666668,0.6827423167848699
c1b0887dfaf75a0c86a51ebffc740848,0.076,0.027,0.898,0.9597,0.08870772946859903,0.40072463768115935
aedf97f69af49c681d81ddda64f4c871,0.2,0.02,0.78,0.9519,0.31666666666666665,0.5421516754850088
09075aea39c0003992b80849cace154b,0.145,0.009,0.846,0.9997,0.13296930342384888,0.36067689885871707
ff2f1a5bc9593a9e9cc1ea5ec175f959,0.067,0.013,0.921,0.9839,0.06777056277056277,0.30277056277056286
93c477ac6826e51f03908b34e3c3a3d0,0.083,0.037,0.879,0.784,0.125,0.6666666666666666
d4af8f0d8dce6f5d05cfc0b79eea2d69,0.069,0.027,0.904,0.9821,0.12191142191142192,0.340719696969697
a9863c3d927b8849d083623728e898c3,0.232,0.015,0.753,0.9985,0.23680555555555557,0.6638888888888891
4417d45b420b6d90f30714236e6d0ab0,0.149,0.0,0.851,0.9991,-0.13988162878787883,0.6188254569504563
27712e7ef23818a25b150d885695809c,0.136,0.004,0.86,0.9964,-0.10092948717948712,0.5852014652014652
a9b21a5e195cfda0514555834bcd35cd,0.121,0.082,0.798,0.9752,0.1475340136054422,0.5897108843537414
3efb0619510f73fadfb8a1f2de7a1a90,0.071,0.014,0.915,0.9702,0.022222222222222213,0.28703703703703703
9ab3a0cb672ff38f17aa8b1f7024d81f,0.147,0.004,0.849,0.9991,-0.13492424242424247,0.5736417748917746
febb7e7d79ad87c0d01dd5e7e28669a5,0.161,0.105,0.734,0.9964,0.10193353174603177,0.4941825396825396
7a9b9782b7d10525d1599acce5122d39,0.116,0.062,0.821,0.8893,-0.043750000000000004,0.5473214285714286
4f65f5c1cd342b9aa43408b8a84f9d54,0.1,0.019,0.881,0.9962,0.03760416666666668,0.3709508547008547
e01200d2a3608d3776bcf62b5f1a6922,0.129,0.103,0.768,0.6547,0.09803158705701075,0.5830525594932373
6af691c515bf32ac46b125fa48374316,0.099,0.115,0.785,-0.8541,-0.14739583333333334,0.5057291666666667
c11f2db7574861fce578ce2dd68c72f6,0.098,0.065,0.837,0.9995,0.10611003780425267,0.41426687255199607
4fd1424222529a902164c89e94771f8c,0.09,0.026,0.883,0.9994,0.15657270571063672,0.4104421334306392
4e279097c3086893c2e4fb6a44fb3e1d,0.059,0.0,0.941,0.9568,0.12153110047846888,0.43829080276448684
f8b04445abd216d9b4d9a6fc7c710e0b,0.029,0.0,0.971,0.9858,0.1551470588235294,0.55
4dfda6b095b0317e3167a9c302a92d79,0.193,0.018,0.789,0.9998,0.16490840285542271,0.49256653574534376
70baf6e021b773b5a7518fac0dd36d79,0.051,0.008,0.941,0.902,0.06728698131137154,0.4448632668144864
c03fc7e056cd5d925231d994da49bf6b,0.034,0.012,0.954,0.9788,0.06866716577298965,0.38128033582579035
8866fa8f839d60cbde2743a45bbb19b8,0.112,0.038,0.85,0.9997,0.10749942489072926,0.3948355187485621
36cbfeb4f33bff1f1ee9c2f457c10b68,0.049,0.022,0.929,0.9857,0.005681378865979375,0.21360824742268036
8dbd9c7348abfba009d126c22f0ba7f4,0.128,0.055,0.817,0.9989,0.1266747015610652,0.5054958677685951
268d3de4472228adde35e3921d79d769,0.154,0.078,0.768,0.9968,0.10240107115107112,0.5803682428682428
245e2ad3057fef654ef6df46596770f1,0.075,0.044,0.881,0.9796,0.12266970618034452,0.4908645727794662
99f8b32c2255da728899774f92de35ac,0.028,0.002,0.97,0.9906,0.0970279720279721,0.3834265734265733
ad7498d0da22c380c7cbe81dcb4454b4,0.097,0.041,0.862,0.9974,0.1387793519611702,0.46383821986094703
ecffa404ca8b7e04a721f746f939f16a,0.092,0.031,0.878,0.9994,0.08758836100608254,0.3259846810479722
ee33a82d86ca041ed146e2ff1d50d702,0.068,0.027,0.905,0.9727,0.09285714285714283,0.4680326617826619
0f6d369e3511c2073fe6e9cfa7ccff60,0.148,0.112,0.74,0.995,0.12340035273368603,0.5103694885361552
d08b6324fcce1f953354daff231cd1fc,0.279,0.011,0.711,0.9993,0.24109566648629155,0.4920341810966811
a085c56ceb1cb5672f98bbae1f72bfe9,0.055,0.122,0.823,-0.9485,0.03592342342342344,0.22792792792792788
4909aa6ac9eebb21adcb96a3dc1f44ba,0.363,0.0,0.637,0.9788,0.3419191919191919,0.568013468013468
b25d851bb159f2132e947f406b0ff24f,0.081,0.052,0.867,0.8519,0.01899092970521542,0.1082199546485261
bf72973521684c653947d55ded8248d6,0.211,0.036,0.754,0.9999,0.10952149454823261,0.4375607903682768
4d2ba0bb1a5ecaf25a36437eb3c9ed56,0.167,0.105,0.728,0.9974,0.10142990904226856,0.487441144997325
9e9c29fd6ca189f25cbbfa1dfa0351c1,0.126,0.019,0.855,0.9987,0.13548534798534795,0.3645473574045003
50913c67b67040abb89f99ce851e63cc,0.046,0.055,0.899,-0.7876,-0.13151113003572024,0.4396354647174318
263876035a9b5553aafd0fb689fcd085,0.087,0.014,0.9,0.9894,0.14613050883542683,0.4096142928110141
bbb5389b3edfb75982d56ec4fb9f9717,0.179,0.01,0.811,0.9986,0.23659874608150472,0.556478578892372
b6c8e35be92dbb28490c83d4e5f4cd15,0.088,0.002,0.91,0.9943,0.08875,0.5347916666666668
d521c35b84c1e7ecc99a8d8b7b71c1c1,0.0,0.0,1.0,0.0,0.25,0.65
c4a86be64552a1395fc9d2e07b71cad3,0.125,0.029,0.846,0.8402,0.475,0.45625000000000004
df4c2076e81e7264422435bdb8c09bc0,0.134,0.032,0.835,0.9524,0.146875,0.6203125
07576b817cc9e8d472eeecb5d4b1e658,0.083,0.0,0.917,0.9544,0.19583333333333336,0.3283333333333333
3dea4aea7891e0ea70966fe53e1cdaf1,0.137,0.03,0.833,0.9705,0.17569444444444446,0.5729166666666666
78767f826c194a2a8984efdc4e854d5c,0.169,0.076,0.755,0.998,0.052995945853088706,0.48194415813463437
